component,status,verified,result,evidence,notes
Step 01 - Audio Loading & Normalization,WORKING,YES,"Loads WAV, converts mono float32/64, normalizes [-1, 1]","step01_load_audio.py exit 0, step01_waveform.png generated","Software verified on tank, heli, gun_fight, test"
Step 02 - FFT Spectral Analysis,WORKING,YES,"Dominant peaks: tank=90Hz, heli=42.7Hz, gun_fight=286.7Hz","step02_fft.py exit 0, *_fft.png generated",Verified frequency resolution = 0.33 Hz
Step 03 - STFT Spectrogram,WORKING,YES,Time-frequency magnitude matrices computed,"step03_spectrogram.py exit 0, *_spectrogram.png generated",Verified on all core defence WAVs
Step 04 - Global Acoustic Features,WORKING,YES,"RMS, ZCR, Centroid, Rolloff, 4 Sub-band energies extracted","step04_features.py exit 0, *_features.csv generated",Global whole-file feature vectors computed
Step 05 - Windowed Acoustic Features,WORKING,YES,"100ms windows with 50ms hop (1,450 total windows across baseline)","step05_window_features.py exit 0, *_window_features.csv generated",Standardized window size for real-time latency budget
Step 06 - Classifier Dataset Construction,WORKING,YES,"1,450 rows x 9 columns (8 features + class label)","step06_build_dataset.py exit 0, noise_dataset.csv generated","Stratified across tank (179), heli (599), gun_fight (672)"
Step 07 - Baseline Noise Classifier,WORKING,YES,"98.97% test accuracy, 0.97 macro F1","step07_train_classifier.py exit 0, noise_classifier.joblib saved",Trained on 80/20 stratified split (290 test windows)
Step 08 - Single File Prediction Demo,WORKING_AFTER_FIX,YES,Majority-vote prediction on unseen audio with window breakdown,step08_predict_noise.py exit 0 (fixed missing sys.argv fallback),Evaluated on data/test.wav -> 100% helicopter vote
Step 09 - Batch Prediction Harness,WORKING,YES,Batch prediction across all audio files with voting distribution,step09_batch_predict.py exit 0,Validates window distribution vs single classification label
Step 10 - Noise Profile Mapping,WORKING,YES,"Maps source classes to DSP profiles (MECHANICAL, TONAL, IMPULSIVE)",step10_noise_profile.py exit 0,Rule-based profile selector for adaptive filters
Step 11 - Adaptive DSP Parameter Configuration,WORKING,YES,Lookups for filter taps (32) and step size mu (0.001 to 0.005),step11_dsp_config.py exit 0,Prototype starting parameters; requires in-vehicle tuning
Step 12 - Standard LMS Adaptive Filter,WORKING,YES,20.65 dB RMS reduction on tank.wav,"step12_lms_filter.py exit 0, tank_lms_error.wav generated",Measured Software Experiment (offline numpy loop)
Step 13 - Normalized LMS (NLMS) Filter,WORKING,YES,31.58 dB RMS reduction on tank.wav (10.93 dB better than LMS),"step13_lms_vs_nlms.py exit 0, step13_lms_vs_nlms.png generated",Power-normalized adaptation prevents gradient divergence
Step 14 - Signal Modeling & Desired Path,WORKING,YES,Synthetic primary path P(z) with delay & attenuation,"step14_signal_model.py exit 0, step14_signals.png generated",Synthetic primary acoustic path model
Step 15 - Secondary Path S(z) Model,SIMULATION_ONLY,YES,12-tap synthetic bandpass FIR filter S(z) modeling DAC/speaker/mic,"step15_secondary_path.py exit 0, step15_secondary_path.png generated",SIMULATION ONLY — Measured hardware S(z) pending field test
Step 16 - Filtered-X LMS (FxLMS) Algorithm,SIMULATION_ONLY,YES,10.96 dB simulated error reduction using synthetic S_hat(z),"step16_fxlms.py exit 0, step16_fxlms.png generated",SIMULATION ONLY — Offline acoustic simulation with synthetic path
Step 17 - Full ANC Acoustic Simulation,SIMULATION_ONLY,YES,Simulated acoustic residual generation and WAV export,"step17_anc_simulation.py exit 0, step17_anc_residual.wav generated",SIMULATION ONLY — Demonstrates anti-noise phase cancellation in software
Step 18 - Wavelet Speech Denoising (db4),WORKING,YES,Level 5 Daubechies-4 soft-thresholding (0.02 dB speech attenuation),"step18_wavelet_reconstruction.py exit 0, step18_wavelet_comparison.png",Verified VisuShrink threshold calculation
Step 19 - Dual-Pipeline Software Integration,WORKING,YES,End-to-end integration of Path A (FxLMS ANC) and Path B (Wavelet),"step19_full_pipeline.py exit 0, step19_full_pipeline.png generated",Integrated multi-stage software prototype
Step 20 - Performance Evaluation & Metrics,WORKING,YES,Comprehensive evaluation matrix across all ML/DSP metrics,"step20_evaluation.py exit 0, step20_evaluation.csv generated","Accurately categorizes results as TEST, EXPERIMENT, SIMULATION, or NOT MEASURED"
Step 21 - Q1.15 Fixed-Point Preparation,WORKING,YES,Q1.15 quantization error analysis (Max abs error = 0.0000305),"step21_fixed_point_prep.py exit 0, step21_q15_analysis.csv generated",Mathematical preparation for embedded ARM / FPGA fixed-point math
Step 22 - Final End-to-End Demo,WORKING,YES,CLI demonstration running full pipeline across all baseline files,"step22_final_demo.py exit 0, step22_final_demo.png generated",All steps verified in under 15 seconds
Step 23 - Clean/Noisy Paired Speech Dataset,WORKING,YES,"5,535 calibrated noisy/clean speech pairs (6.15 hours, 0.00 dB SNR error)","step23_build_speech_dataset.py exit 0, metadata.csv verified",CMU ARCTIC clean speech + CORE & PROXY defence noise sources
Step 24 - AI Speech Enhancement Engine,WORKING,YES,Multi-band Decision-Directed Wiener Filter + db4 Wavelet Masking,"step24_speech_enhancement.py exit 0, clean output speech verified",Dynamic noise PSD estimation + speech formant preservation
Behavior Classifier (Expanded Taxonomy),WORKING,YES,"Multi-model evaluation (Decision Tree, Random Forest, Logistic Regression)","train_behavior_classifier.py exit 0, evaluate_behavior_classifier.py exit 0","Trained on STATIONARY, NON_STATIONARY, IMPULSIVE behavioral classes"
"FPGA RTL IP Blocks (LMS_Filter, ErrorCalc, AXI4)",MISSING,NO,"No Verilog HDL files (.v, .sv, .vhd) present in this repository",Repository scan found 0 HDL files,RTL work is maintained in separate hardware project / Vivado workspace
ARM SoC Embedded Hardware Deployment,HARDWARE_REQUIRED,NO,NOT MEASURED — Pending embedded hardware validation,No ARM SoC board connected,Target platform: Cortex-A / Cortex-M embedded SoC with NEON acceleration
In-Vehicle Physical Acoustic ANC,HARDWARE_REQUIRED,NO,"NOT MEASURED — Requires in-cabin speakers, error mics, and field trials",Physical acoustic measurement requires vehicle testbench,"Physical SPL attenuation, real acoustic latency, and power profiling"
