clip_id,source_file,dataset,category,behavior_class,relevance_tier,license,actual_duration_sec,original_sr,num_windows,feature_file,split
baseline_tank,tank.wav,Baseline,tank,STATIONARY,CORE,DRDO_Baseline_Open,4.992,48000,98,baseline_tank.npy,train
baseline_heli,heli.wav,Baseline,heli,NON_STATIONARY,CORE,DRDO_Baseline_Open,27.48,48000,548,baseline_heli.npy,train
baseline_gun_fight,gun_fight.wav,Baseline,gun_fight,IMPULSIVE,CORE,DRDO_Baseline_Open,40.2,24000,803,baseline_gun_fight.npy,train
esc50_1-100210-A-36,1-100210-A-36.wav,ESC-50,vacuum_cleaner,STATIONARY,PROXY,CC_BY_NC_4.0,5.0,44100,99,esc50_1-100210-A-36.npy,train
esc50_1-100210-B-36,1-100210-B-36.wav,ESC-50,vacuum_cleaner,STATIONARY,PROXY,CC_BY_NC_4.0,5.0,44100,99,esc50_1-100210-B-36.npy,train
esc50_1-101296-A-19,1-101296-A-19.wav,ESC-50,thunderstorm,IMPULSIVE,ENVIRONMENTAL,CC_BY_NC_4.0,5.0,44100,99,esc50_1-101296-A-19.npy,val
esc50_1-101296-B-19,1-101296-B-19.wav,ESC-50,thunderstorm,IMPULSIVE,ENVIRONMENTAL,CC_BY_NC_4.0,5.0,44100,99,esc50_1-101296-B-19.npy,train
esc50_1-101336-A-30,1-101336-A-30.wav,ESC-50,door_wood_knock,IMPULSIVE,PROXY,CC_BY_NC_4.0,5.0,44100,99,esc50_1-101336-A-30.npy,val
esc50_1-103995-A-30,1-103995-A-30.wav,ESC-50,door_wood_knock,IMPULSIVE,PROXY,CC_BY_NC_4.0,5.0,44100,99,esc50_1-103995-A-30.npy,train
esc50_1-103999-A-30,1-103999-A-30.wav,ESC-50,door_wood_knock,IMPULSIVE,PROXY,CC_BY_NC_4.0,5.0,44100,99,esc50_1-103999-A-30.npy,train
esc50_1-115521-A-19,1-115521-A-19.wav,ESC-50,thunderstorm,IMPULSIVE,ENVIRONMENTAL,CC_BY_NC_4.0,5.0,44100,99,esc50_1-115521-A-19.npy,train
esc50_1-115545-A-48,1-115545-A-48.wav,ESC-50,fireworks,IMPULSIVE,PROXY,CC_BY_NC_4.0,5.0,44100,99,esc50_1-115545-A-48.npy,train
esc50_1-115545-B-48,1-115545-B-48.wav,ESC-50,fireworks,IMPULSIVE,PROXY,CC_BY_NC_4.0,5.0,44100,99,esc50_1-115545-B-48.npy,test
esc50_1-115545-C-48,1-115545-C-48.wav,ESC-50,fireworks,IMPULSIVE,PROXY,CC_BY_NC_4.0,5.0,44100,99,esc50_1-115545-C-48.npy,train
esc50_1-115546-A-48,1-115546-A-48.wav,ESC-50,fireworks,IMPULSIVE,PROXY,CC_BY_NC_4.0,5.0,44100,99,esc50_1-115546-A-48.npy,train
esc50_1-116765-A-41,1-116765-A-41.wav,ESC-50,chainsaw,STATIONARY,PROXY,CC_BY_NC_4.0,5.0,44100,99,esc50_1-116765-A-41.npy,train
esc50_1-11687-A-47,1-11687-A-47.wav,ESC-50,airplane,NON_STATIONARY,PROXY,CC_BY_NC_4.0,5.0,44100,99,esc50_1-11687-A-47.npy,val
esc50_1-119125-A-45,1-119125-A-45.wav,ESC-50,train,NON_STATIONARY,PROXY,CC_BY_NC_4.0,5.0,44100,99,esc50_1-119125-A-45.npy,test
esc50_1-137296-A-16,1-137296-A-16.wav,ESC-50,wind,STATIONARY,ENVIRONMENTAL,CC_BY_NC_4.0,5.0,44100,99,esc50_1-137296-A-16.npy,test
esc50_1-160563-A-48,1-160563-A-48.wav,ESC-50,fireworks,IMPULSIVE,PROXY,CC_BY_NC_4.0,5.0,44100,99,esc50_1-160563-A-48.npy,train
esc50_1-160563-B-48,1-160563-B-48.wav,ESC-50,fireworks,IMPULSIVE,PROXY,CC_BY_NC_4.0,5.0,44100,99,esc50_1-160563-B-48.npy,train
esc50_1-17124-A-43,1-17124-A-43.wav,ESC-50,car_horn,NON_STATIONARY,PROXY,CC_BY_NC_4.0,5.0,44100,99,esc50_1-17124-A-43.npy,train
esc50_1-172649-A-40,1-172649-A-40.wav,ESC-50,helicopter,NON_STATIONARY,CORE,CC_BY_NC_4.0,5.0,44100,99,esc50_1-172649-A-40.npy,train
esc50_1-172649-B-40,1-172649-B-40.wav,ESC-50,helicopter,NON_STATIONARY,CORE,CC_BY_NC_4.0,5.0,44100,99,esc50_1-172649-B-40.npy,train
esc50_1-172649-C-40,1-172649-C-40.wav,ESC-50,helicopter,NON_STATIONARY,CORE,CC_BY_NC_4.0,5.0,44100,99,esc50_1-172649-C-40.npy,train
esc50_1-172649-D-40,1-172649-D-40.wav,ESC-50,helicopter,NON_STATIONARY,CORE,CC_BY_NC_4.0,5.0,44100,99,esc50_1-172649-D-40.npy,train
esc50_1-172649-E-40,1-172649-E-40.wav,ESC-50,helicopter,NON_STATIONARY,CORE,CC_BY_NC_4.0,5.0,44100,99,esc50_1-172649-E-40.npy,train
esc50_1-172649-F-40,1-172649-F-40.wav,ESC-50,helicopter,NON_STATIONARY,CORE,CC_BY_NC_4.0,5.0,44100,99,esc50_1-172649-F-40.npy,train
esc50_1-17367-A-10,1-17367-A-10.wav,ESC-50,rain,STATIONARY,ENVIRONMENTAL,CC_BY_NC_4.0,5.0,44100,99,esc50_1-17367-A-10.npy,val
esc50_1-181071-A-40,1-181071-A-40.wav,ESC-50,helicopter,NON_STATIONARY,CORE,CC_BY_NC_4.0,5.0,44100,99,esc50_1-181071-A-40.npy,train
esc50_1-181071-B-40,1-181071-B-40.wav,ESC-50,helicopter,NON_STATIONARY,CORE,CC_BY_NC_4.0,5.0,44100,99,esc50_1-181071-B-40.npy,val
esc50_1-18527-A-44,1-18527-A-44.wav,ESC-50,engine,STATIONARY,CORE,CC_BY_NC_4.0,5.0,44100,99,esc50_1-18527-A-44.npy,train
esc50_1-18527-B-44,1-18527-B-44.wav,ESC-50,engine,STATIONARY,CORE,CC_BY_NC_4.0,5.0,44100,99,esc50_1-18527-B-44.npy,test
esc50_1-19026-A-43,1-19026-A-43.wav,ESC-50,car_horn,NON_STATIONARY,PROXY,CC_BY_NC_4.0,5.0,44100,99,esc50_1-19026-A-43.npy,train
esc50_1-19840-A-36,1-19840-A-36.wav,ESC-50,vacuum_cleaner,STATIONARY,PROXY,CC_BY_NC_4.0,5.0,44100,99,esc50_1-19840-A-36.npy,train
esc50_1-19872-A-36,1-19872-A-36.wav,ESC-50,vacuum_cleaner,STATIONARY,PROXY,CC_BY_NC_4.0,5.0,44100,99,esc50_1-19872-A-36.npy,train
esc50_1-19872-B-36,1-19872-B-36.wav,ESC-50,vacuum_cleaner,STATIONARY,PROXY,CC_BY_NC_4.0,5.0,44100,99,esc50_1-19872-B-36.npy,train
esc50_1-19898-A-41,1-19898-A-41.wav,ESC-50,chainsaw,STATIONARY,PROXY,CC_BY_NC_4.0,5.0,44100,99,esc50_1-19898-A-41.npy,train
esc50_1-19898-B-41,1-19898-B-41.wav,ESC-50,chainsaw,STATIONARY,PROXY,CC_BY_NC_4.0,5.0,44100,99,esc50_1-19898-B-41.npy,test
esc50_1-19898-C-41,1-19898-C-41.wav,ESC-50,chainsaw,STATIONARY,PROXY,CC_BY_NC_4.0,5.0,44100,99,esc50_1-19898-C-41.npy,train
esc50_1-20133-A-39,1-20133-A-39.wav,ESC-50,glass_breaking,IMPULSIVE,PROXY,CC_BY_NC_4.0,5.0,44100,99,esc50_1-20133-A-39.npy,test
esc50_1-21189-A-10,1-21189-A-10.wav,ESC-50,rain,STATIONARY,ENVIRONMENTAL,CC_BY_NC_4.0,5.0,44100,99,esc50_1-21189-A-10.npy,test
esc50_1-21896-A-35,1-21896-A-35.wav,ESC-50,washing_machine,STATIONARY,PROXY,CC_BY_NC_4.0,5.0,44100,99,esc50_1-21896-A-35.npy,train
esc50_1-22882-A-44,1-22882-A-44.wav,ESC-50,engine,STATIONARY,CORE,CC_BY_NC_4.0,5.0,44100,99,esc50_1-22882-A-44.npy,train
esc50_1-23222-A-19,1-23222-A-19.wav,ESC-50,thunderstorm,IMPULSIVE,ENVIRONMENTAL,CC_BY_NC_4.0,5.0,44100,99,esc50_1-23222-A-19.npy,val
esc50_1-23222-B-19,1-23222-B-19.wav,ESC-50,thunderstorm,IMPULSIVE,ENVIRONMENTAL,CC_BY_NC_4.0,5.0,44100,99,esc50_1-23222-B-19.npy,train
esc50_1-23996-A-35,1-23996-A-35.wav,ESC-50,washing_machine,STATIONARY,PROXY,CC_BY_NC_4.0,5.0,44100,99,esc50_1-23996-A-35.npy,train
esc50_1-23996-B-35,1-23996-B-35.wav,ESC-50,washing_machine,STATIONARY,PROXY,CC_BY_NC_4.0,5.0,44100,99,esc50_1-23996-B-35.npy,val
esc50_1-24074-A-43,1-24074-A-43.wav,ESC-50,car_horn,NON_STATIONARY,PROXY,CC_BY_NC_4.0,5.0,44100,99,esc50_1-24074-A-43.npy,train
esc50_1-24076-A-43,1-24076-A-43.wav,ESC-50,car_horn,NON_STATIONARY,PROXY,CC_BY_NC_4.0,5.0,44100,99,esc50_1-24076-A-43.npy,train
esc50_1-24524-A-19,1-24524-A-19.wav,ESC-50,thunderstorm,IMPULSIVE,ENVIRONMENTAL,CC_BY_NC_4.0,5.0,44100,99,esc50_1-24524-A-19.npy,train
esc50_1-24524-B-19,1-24524-B-19.wav,ESC-50,thunderstorm,IMPULSIVE,ENVIRONMENTAL,CC_BY_NC_4.0,5.0,44100,99,esc50_1-24524-B-19.npy,val
esc50_1-24524-C-19,1-24524-C-19.wav,ESC-50,thunderstorm,IMPULSIVE,ENVIRONMENTAL,CC_BY_NC_4.0,5.0,44100,99,esc50_1-24524-C-19.npy,train
esc50_1-24796-A-47,1-24796-A-47.wav,ESC-50,airplane,NON_STATIONARY,PROXY,CC_BY_NC_4.0,5.0,44100,99,esc50_1-24796-A-47.npy,train
esc50_1-254507-A-43,1-254507-A-43.wav,ESC-50,car_horn,NON_STATIONARY,PROXY,CC_BY_NC_4.0,5.0,44100,99,esc50_1-254507-A-43.npy,train
esc50_1-25777-A-48,1-25777-A-48.wav,ESC-50,fireworks,IMPULSIVE,PROXY,CC_BY_NC_4.0,5.0,44100,99,esc50_1-25777-A-48.npy,train
esc50_1-25781-A-48,1-25781-A-48.wav,ESC-50,fireworks,IMPULSIVE,PROXY,CC_BY_NC_4.0,5.0,44100,99,esc50_1-25781-A-48.npy,test
esc50_1-26176-A-43,1-26176-A-43.wav,ESC-50,car_horn,NON_STATIONARY,PROXY,CC_BY_NC_4.0,5.0,44100,99,esc50_1-26176-A-43.npy,train
esc50_1-26177-A-43,1-26177-A-43.wav,ESC-50,car_horn,NON_STATIONARY,PROXY,CC_BY_NC_4.0,5.0,44100,99,esc50_1-26177-A-43.npy,train
esc50_1-26188-A-30,1-26188-A-30.wav,ESC-50,door_wood_knock,IMPULSIVE,PROXY,CC_BY_NC_4.0,5.0,44100,99,esc50_1-26188-A-30.npy,val
esc50_1-26222-A-10,1-26222-A-10.wav,ESC-50,rain,STATIONARY,ENVIRONMENTAL,CC_BY_NC_4.0,5.0,44100,99,esc50_1-26222-A-10.npy,test
esc50_1-27165-A-35,1-27165-A-35.wav,ESC-50,washing_machine,STATIONARY,PROXY,CC_BY_NC_4.0,5.0,44100,99,esc50_1-27165-A-35.npy,train
esc50_1-27166-A-35,1-27166-A-35.wav,ESC-50,washing_machine,STATIONARY,PROXY,CC_BY_NC_4.0,5.0,44100,99,esc50_1-27166-A-35.npy,train
esc50_1-28808-A-43,1-28808-A-43.wav,ESC-50,car_horn,NON_STATIONARY,PROXY,CC_BY_NC_4.0,5.0,44100,99,esc50_1-28808-A-43.npy,train
esc50_1-29532-A-16,1-29532-A-16.wav,ESC-50,wind,STATIONARY,ENVIRONMENTAL,CC_BY_NC_4.0,5.0,44100,99,esc50_1-29532-A-16.npy,train
esc50_1-29561-A-10,1-29561-A-10.wav,ESC-50,rain,STATIONARY,ENVIRONMENTAL,CC_BY_NC_4.0,5.0,44100,99,esc50_1-29561-A-10.npy,train
esc50_1-31482-A-42,1-31482-A-42.wav,ESC-50,siren,NON_STATIONARY,PROXY,CC_BY_NC_4.0,5.0,44100,99,esc50_1-31482-A-42.npy,train
esc50_1-31482-B-42,1-31482-B-42.wav,ESC-50,siren,NON_STATIONARY,PROXY,CC_BY_NC_4.0,5.0,44100,99,esc50_1-31482-B-42.npy,train
esc50_1-32373-A-35,1-32373-A-35.wav,ESC-50,washing_machine,STATIONARY,PROXY,CC_BY_NC_4.0,5.0,44100,99,esc50_1-32373-A-35.npy,train
esc50_1-32373-B-35,1-32373-B-35.wav,ESC-50,washing_machine,STATIONARY,PROXY,CC_BY_NC_4.0,5.0,44100,99,esc50_1-32373-B-35.npy,train
esc50_1-36929-A-47,1-36929-A-47.wav,ESC-50,airplane,NON_STATIONARY,PROXY,CC_BY_NC_4.0,5.0,44100,99,esc50_1-36929-A-47.npy,train
esc50_1-43807-A-47,1-43807-A-47.wav,ESC-50,airplane,NON_STATIONARY,PROXY,CC_BY_NC_4.0,5.0,44100,99,esc50_1-43807-A-47.npy,val
esc50_1-43807-B-47,1-43807-B-47.wav,ESC-50,airplane,NON_STATIONARY,PROXY,CC_BY_NC_4.0,5.0,44100,99,esc50_1-43807-B-47.npy,train
esc50_1-43807-C-47,1-43807-C-47.wav,ESC-50,airplane,NON_STATIONARY,PROXY,CC_BY_NC_4.0,5.0,44100,99,esc50_1-43807-C-47.npy,train
esc50_1-43807-D-47,1-43807-D-47.wav,ESC-50,airplane,NON_STATIONARY,PROXY,CC_BY_NC_4.0,5.0,44100,99,esc50_1-43807-D-47.npy,val
esc50_1-46744-A-36,1-46744-A-36.wav,ESC-50,vacuum_cleaner,STATIONARY,PROXY,CC_BY_NC_4.0,5.0,44100,99,esc50_1-46744-A-36.npy,train
esc50_1-47250-A-41,1-47250-A-41.wav,ESC-50,chainsaw,STATIONARY,PROXY,CC_BY_NC_4.0,5.0,44100,99,esc50_1-47250-A-41.npy,train
esc50_1-47250-B-41,1-47250-B-41.wav,ESC-50,chainsaw,STATIONARY,PROXY,CC_BY_NC_4.0,5.0,44100,99,esc50_1-47250-B-41.npy,train
esc50_1-47709-A-16,1-47709-A-16.wav,ESC-50,wind,STATIONARY,ENVIRONMENTAL,CC_BY_NC_4.0,5.0,44100,99,esc50_1-47709-A-16.npy,train
esc50_1-47714-A-16,1-47714-A-16.wav,ESC-50,wind,STATIONARY,ENVIRONMENTAL,CC_BY_NC_4.0,5.0,44100,99,esc50_1-47714-A-16.npy,train
esc50_1-49098-A-35,1-49098-A-35.wav,ESC-50,washing_machine,STATIONARY,PROXY,CC_BY_NC_4.0,5.0,44100,99,esc50_1-49098-A-35.npy,val
esc50_1-50060-A-10,1-50060-A-10.wav,ESC-50,rain,STATIONARY,ENVIRONMENTAL,CC_BY_NC_4.0,5.0,44100,99,esc50_1-50060-A-10.npy,train
esc50_1-50454-A-44,1-50454-A-44.wav,ESC-50,engine,STATIONARY,CORE,CC_BY_NC_4.0,5.0,44100,99,esc50_1-50454-A-44.npy,train
esc50_1-50455-A-44,1-50455-A-44.wav,ESC-50,engine,STATIONARY,CORE,CC_BY_NC_4.0,5.0,44100,99,esc50_1-50455-A-44.npy,train
esc50_1-50661-A-44,1-50661-A-44.wav,ESC-50,engine,STATIONARY,CORE,CC_BY_NC_4.0,5.0,44100,99,esc50_1-50661-A-44.npy,val
esc50_1-51035-A-16,1-51035-A-16.wav,ESC-50,wind,STATIONARY,ENVIRONMENTAL,CC_BY_NC_4.0,5.0,44100,99,esc50_1-51035-A-16.npy,train
esc50_1-51036-A-16,1-51036-A-16.wav,ESC-50,wind,STATIONARY,ENVIRONMENTAL,CC_BY_NC_4.0,5.0,44100,99,esc50_1-51036-A-16.npy,train
esc50_1-51037-A-16,1-51037-A-16.wav,ESC-50,wind,STATIONARY,ENVIRONMENTAL,CC_BY_NC_4.0,5.0,44100,99,esc50_1-51037-A-16.npy,train
esc50_1-52290-A-30,1-52290-A-30.wav,ESC-50,door_wood_knock,IMPULSIVE,PROXY,CC_BY_NC_4.0,5.0,44100,99,esc50_1-52290-A-30.npy,train
esc50_1-53467-A-47,1-53467-A-47.wav,ESC-50,airplane,NON_STATIONARY,PROXY,CC_BY_NC_4.0,5.0,44100,99,esc50_1-53467-A-47.npy,val
esc50_1-54065-A-45,1-54065-A-45.wav,ESC-50,train,NON_STATIONARY,PROXY,CC_BY_NC_4.0,5.0,44100,99,esc50_1-54065-A-45.npy,train
esc50_1-54065-B-45,1-54065-B-45.wav,ESC-50,train,NON_STATIONARY,PROXY,CC_BY_NC_4.0,5.0,44100,99,esc50_1-54065-B-45.npy,val
esc50_1-54084-A-42,1-54084-A-42.wav,ESC-50,siren,NON_STATIONARY,PROXY,CC_BY_NC_4.0,5.0,44100,99,esc50_1-54084-A-42.npy,train
esc50_1-54958-A-10,1-54958-A-10.wav,ESC-50,rain,STATIONARY,ENVIRONMENTAL,CC_BY_NC_4.0,5.0,44100,99,esc50_1-54958-A-10.npy,train
esc50_1-56311-A-10,1-56311-A-10.wav,ESC-50,rain,STATIONARY,ENVIRONMENTAL,CC_BY_NC_4.0,5.0,44100,99,esc50_1-56311-A-10.npy,train
esc50_1-60460-A-36,1-60460-A-36.wav,ESC-50,vacuum_cleaner,STATIONARY,PROXY,CC_BY_NC_4.0,5.0,44100,99,esc50_1-60460-A-36.npy,train
esc50_1-61261-A-44,1-61261-A-44.wav,ESC-50,engine,STATIONARY,CORE,CC_BY_NC_4.0,5.0,44100,99,esc50_1-61261-A-44.npy,train
esc50_1-62509-A-45,1-62509-A-45.wav,ESC-50,train,NON_STATIONARY,PROXY,CC_BY_NC_4.0,5.0,44100,99,esc50_1-62509-A-45.npy,train
esc50_1-62565-A-44,1-62565-A-44.wav,ESC-50,engine,STATIONARY,CORE,CC_BY_NC_4.0,5.0,44100,99,esc50_1-62565-A-44.npy,train
esc50_1-63871-A-10,1-63871-A-10.wav,ESC-50,rain,STATIONARY,ENVIRONMENTAL,CC_BY_NC_4.0,5.0,44100,99,esc50_1-63871-A-10.npy,train
esc50_1-64398-A-41,1-64398-A-41.wav,ESC-50,chainsaw,STATIONARY,PROXY,CC_BY_NC_4.0,5.0,44100,99,esc50_1-64398-A-41.npy,train
esc50_1-64398-B-41,1-64398-B-41.wav,ESC-50,chainsaw,STATIONARY,PROXY,CC_BY_NC_4.0,5.0,44100,99,esc50_1-64398-B-41.npy,test
esc50_1-64473-A-45,1-64473-A-45.wav,ESC-50,train,NON_STATIONARY,PROXY,CC_BY_NC_4.0,5.0,44100,99,esc50_1-64473-A-45.npy,train
esc50_1-69760-A-16,1-69760-A-16.wav,ESC-50,wind,STATIONARY,ENVIRONMENTAL,CC_BY_NC_4.0,5.0,44100,99,esc50_1-69760-A-16.npy,train
esc50_1-70300-A-45,1-70300-A-45.wav,ESC-50,train,NON_STATIONARY,PROXY,CC_BY_NC_4.0,5.0,44100,99,esc50_1-70300-A-45.npy,train
esc50_1-76831-A-42,1-76831-A-42.wav,ESC-50,siren,NON_STATIONARY,PROXY,CC_BY_NC_4.0,5.0,44100,99,esc50_1-76831-A-42.npy,train
esc50_1-76831-B-42,1-76831-B-42.wav,ESC-50,siren,NON_STATIONARY,PROXY,CC_BY_NC_4.0,5.0,44100,99,esc50_1-76831-B-42.npy,train
esc50_1-76831-C-42,1-76831-C-42.wav,ESC-50,siren,NON_STATIONARY,PROXY,CC_BY_NC_4.0,5.0,44100,99,esc50_1-76831-C-42.npy,train
esc50_1-76831-D-42,1-76831-D-42.wav,ESC-50,siren,NON_STATIONARY,PROXY,CC_BY_NC_4.0,5.0,44100,99,esc50_1-76831-D-42.npy,val
esc50_1-76831-E-42,1-76831-E-42.wav,ESC-50,siren,NON_STATIONARY,PROXY,CC_BY_NC_4.0,5.0,44100,99,esc50_1-76831-E-42.npy,val
esc50_1-79236-A-36,1-79236-A-36.wav,ESC-50,vacuum_cleaner,STATIONARY,PROXY,CC_BY_NC_4.0,5.0,44100,99,esc50_1-79236-A-36.npy,val
esc50_1-81001-A-30,1-81001-A-30.wav,ESC-50,door_wood_knock,IMPULSIVE,PROXY,CC_BY_NC_4.0,5.0,44100,99,esc50_1-81001-A-30.npy,train
esc50_1-81001-B-30,1-81001-B-30.wav,ESC-50,door_wood_knock,IMPULSIVE,PROXY,CC_BY_NC_4.0,5.0,44100,99,esc50_1-81001-B-30.npy,train
esc50_1-82817-A-30,1-82817-A-30.wav,ESC-50,door_wood_knock,IMPULSIVE,PROXY,CC_BY_NC_4.0,5.0,44100,99,esc50_1-82817-A-30.npy,train
esc50_1-84536-A-39,1-84536-A-39.wav,ESC-50,glass_breaking,IMPULSIVE,PROXY,CC_BY_NC_4.0,5.0,44100,99,esc50_1-84536-A-39.npy,train
esc50_1-84704-A-39,1-84704-A-39.wav,ESC-50,glass_breaking,IMPULSIVE,PROXY,CC_BY_NC_4.0,5.0,44100,99,esc50_1-84704-A-39.npy,train
esc50_1-84705-A-39,1-84705-A-39.wav,ESC-50,glass_breaking,IMPULSIVE,PROXY,CC_BY_NC_4.0,5.0,44100,99,esc50_1-84705-A-39.npy,train
esc50_1-85168-A-39,1-85168-A-39.wav,ESC-50,glass_breaking,IMPULSIVE,PROXY,CC_BY_NC_4.0,5.0,44100,99,esc50_1-85168-A-39.npy,train
esc50_1-85184-A-39,1-85184-A-39.wav,ESC-50,glass_breaking,IMPULSIVE,PROXY,CC_BY_NC_4.0,5.0,44100,99,esc50_1-85184-A-39.npy,train
esc50_1-88409-A-45,1-88409-A-45.wav,ESC-50,train,NON_STATIONARY,PROXY,CC_BY_NC_4.0,5.0,44100,99,esc50_1-88409-A-45.npy,train
esc50_1-88409-B-45,1-88409-B-45.wav,ESC-50,train,NON_STATIONARY,PROXY,CC_BY_NC_4.0,5.0,44100,99,esc50_1-88409-B-45.npy,train
esc50_1-88807-A-39,1-88807-A-39.wav,ESC-50,glass_breaking,IMPULSIVE,PROXY,CC_BY_NC_4.0,5.0,44100,99,esc50_1-88807-A-39.npy,train
esc50_1-977-A-39,1-977-A-39.wav,ESC-50,glass_breaking,IMPULSIVE,PROXY,CC_BY_NC_4.0,5.0,44100,99,esc50_1-977-A-39.npy,train
esc50_2-100648-A-43,2-100648-A-43.wav,ESC-50,car_horn,NON_STATIONARY,PROXY,CC_BY_NC_4.0,5.0,44100,99,esc50_2-100648-A-43.npy,train
esc50_2-101676-A-10,2-101676-A-10.wav,ESC-50,rain,STATIONARY,ENVIRONMENTAL,CC_BY_NC_4.0,5.0,44100,99,esc50_2-101676-A-10.npy,test
esc50_2-102567-A-35,2-102567-A-35.wav,ESC-50,washing_machine,STATIONARY,PROXY,CC_BY_NC_4.0,5.0,44100,99,esc50_2-102567-A-35.npy,test
esc50_2-102567-B-35,2-102567-B-35.wav,ESC-50,washing_machine,STATIONARY,PROXY,CC_BY_NC_4.0,5.0,44100,99,esc50_2-102567-B-35.npy,test
esc50_2-102567-C-35,2-102567-C-35.wav,ESC-50,washing_machine,STATIONARY,PROXY,CC_BY_NC_4.0,5.0,44100,99,esc50_2-102567-C-35.npy,test
esc50_2-102567-D-35,2-102567-D-35.wav,ESC-50,washing_machine,STATIONARY,PROXY,CC_BY_NC_4.0,5.0,44100,99,esc50_2-102567-D-35.npy,test
esc50_2-102568-A-35,2-102568-A-35.wav,ESC-50,washing_machine,STATIONARY,PROXY,CC_BY_NC_4.0,5.0,44100,99,esc50_2-102568-A-35.npy,val
esc50_2-104105-A-19,2-104105-A-19.wav,ESC-50,thunderstorm,IMPULSIVE,ENVIRONMENTAL,CC_BY_NC_4.0,5.0,44100,99,esc50_2-104105-A-19.npy,train
esc50_2-104105-B-19,2-104105-B-19.wav,ESC-50,thunderstorm,IMPULSIVE,ENVIRONMENTAL,CC_BY_NC_4.0,5.0,44100,99,esc50_2-104105-B-19.npy,train
esc50_2-104952-A-16,2-104952-A-16.wav,ESC-50,wind,STATIONARY,ENVIRONMENTAL,CC_BY_NC_4.0,5.0,44100,99,esc50_2-104952-A-16.npy,train
esc50_2-104952-B-16,2-104952-B-16.wav,ESC-50,wind,STATIONARY,ENVIRONMENTAL,CC_BY_NC_4.0,5.0,44100,99,esc50_2-104952-B-16.npy,test
esc50_2-105270-A-47,2-105270-A-47.wav,ESC-50,airplane,NON_STATIONARY,PROXY,CC_BY_NC_4.0,5.0,44100,99,esc50_2-105270-A-47.npy,train
esc50_2-106014-A-44,2-106014-A-44.wav,ESC-50,engine,STATIONARY,CORE,CC_BY_NC_4.0,5.0,44100,99,esc50_2-106014-A-44.npy,val
esc50_2-106015-A-44,2-106015-A-44.wav,ESC-50,engine,STATIONARY,CORE,CC_BY_NC_4.0,5.0,44100,99,esc50_2-106015-A-44.npy,train
esc50_2-106015-B-44,2-106015-B-44.wav,ESC-50,engine,STATIONARY,CORE,CC_BY_NC_4.0,5.0,44100,99,esc50_2-106015-B-44.npy,val
esc50_2-106072-A-36,2-106072-A-36.wav,ESC-50,vacuum_cleaner,STATIONARY,PROXY,CC_BY_NC_4.0,5.0,44100,99,esc50_2-106072-A-36.npy,train
esc50_2-106073-A-36,2-106073-A-36.wav,ESC-50,vacuum_cleaner,STATIONARY,PROXY,CC_BY_NC_4.0,5.0,44100,99,esc50_2-106073-A-36.npy,train
esc50_2-106486-A-44,2-106486-A-44.wav,ESC-50,engine,STATIONARY,CORE,CC_BY_NC_4.0,5.0,44100,99,esc50_2-106486-A-44.npy,test
esc50_2-106487-A-44,2-106487-A-44.wav,ESC-50,engine,STATIONARY,CORE,CC_BY_NC_4.0,5.0,44100,99,esc50_2-106487-A-44.npy,train
esc50_2-106849-A-47,2-106849-A-47.wav,ESC-50,airplane,NON_STATIONARY,PROXY,CC_BY_NC_4.0,5.0,44100,99,esc50_2-106849-A-47.npy,val
esc50_2-106881-A-39,2-106881-A-39.wav,ESC-50,glass_breaking,IMPULSIVE,PROXY,CC_BY_NC_4.0,5.0,44100,99,esc50_2-106881-A-39.npy,train
esc50_2-107228-A-44,2-107228-A-44.wav,ESC-50,engine,STATIONARY,CORE,CC_BY_NC_4.0,5.0,44100,99,esc50_2-107228-A-44.npy,test
esc50_2-107228-B-44,2-107228-B-44.wav,ESC-50,engine,STATIONARY,CORE,CC_BY_NC_4.0,5.0,44100,99,esc50_2-107228-B-44.npy,val
esc50_2-109371-A-16,2-109371-A-16.wav,ESC-50,wind,STATIONARY,ENVIRONMENTAL,CC_BY_NC_4.0,5.0,44100,99,esc50_2-109371-A-16.npy,train
esc50_2-109371-B-16,2-109371-B-16.wav,ESC-50,wind,STATIONARY,ENVIRONMENTAL,CC_BY_NC_4.0,5.0,44100,99,esc50_2-109371-B-16.npy,train
esc50_2-109371-C-16,2-109371-C-16.wav,ESC-50,wind,STATIONARY,ENVIRONMENTAL,CC_BY_NC_4.0,5.0,44100,99,esc50_2-109371-C-16.npy,train
esc50_2-109371-D-16,2-109371-D-16.wav,ESC-50,wind,STATIONARY,ENVIRONMENTAL,CC_BY_NC_4.0,5.0,44100,99,esc50_2-109371-D-16.npy,test
esc50_2-109374-A-16,2-109374-A-16.wav,ESC-50,wind,STATIONARY,ENVIRONMENTAL,CC_BY_NC_4.0,5.0,44100,99,esc50_2-109374-A-16.npy,train
esc50_2-112213-A-39,2-112213-A-39.wav,ESC-50,glass_breaking,IMPULSIVE,PROXY,CC_BY_NC_4.0,5.0,44100,99,esc50_2-112213-A-39.npy,train
esc50_2-112213-B-39,2-112213-B-39.wav,ESC-50,glass_breaking,IMPULSIVE,PROXY,CC_BY_NC_4.0,5.0,44100,99,esc50_2-112213-B-39.npy,test
esc50_2-114254-A-30,2-114254-A-30.wav,ESC-50,door_wood_knock,IMPULSIVE,PROXY,CC_BY_NC_4.0,5.0,44100,99,esc50_2-114254-A-30.npy,test
esc50_2-117615-A-48,2-117615-A-48.wav,ESC-50,fireworks,IMPULSIVE,PROXY,CC_BY_NC_4.0,5.0,44100,99,esc50_2-117615-A-48.npy,train
esc50_2-117615-B-48,2-117615-B-48.wav,ESC-50,fireworks,IMPULSIVE,PROXY,CC_BY_NC_4.0,5.0,44100,99,esc50_2-117615-B-48.npy,train
esc50_2-117615-C-48,2-117615-C-48.wav,ESC-50,fireworks,IMPULSIVE,PROXY,CC_BY_NC_4.0,5.0,44100,99,esc50_2-117615-C-48.npy,train
esc50_2-117615-D-48,2-117615-D-48.wav,ESC-50,fireworks,IMPULSIVE,PROXY,CC_BY_NC_4.0,5.0,44100,99,esc50_2-117615-D-48.npy,train
esc50_2-117615-E-48,2-117615-E-48.wav,ESC-50,fireworks,IMPULSIVE,PROXY,CC_BY_NC_4.0,5.0,44100,99,esc50_2-117615-E-48.npy,train
esc50_2-117616-A-48,2-117616-A-48.wav,ESC-50,fireworks,IMPULSIVE,PROXY,CC_BY_NC_4.0,5.0,44100,99,esc50_2-117616-A-48.npy,train
esc50_2-117617-A-48,2-117617-A-48.wav,ESC-50,fireworks,IMPULSIVE,PROXY,CC_BY_NC_4.0,5.0,44100,99,esc50_2-117617-A-48.npy,train
esc50_2-117625-A-10,2-117625-A-10.wav,ESC-50,rain,STATIONARY,ENVIRONMENTAL,CC_BY_NC_4.0,5.0,44100,99,esc50_2-117625-A-10.npy,train
esc50_2-118624-A-30,2-118624-A-30.wav,ESC-50,door_wood_knock,IMPULSIVE,PROXY,CC_BY_NC_4.0,5.0,44100,99,esc50_2-118624-A-30.npy,train
esc50_2-118625-A-30,2-118625-A-30.wav,ESC-50,door_wood_knock,IMPULSIVE,PROXY,CC_BY_NC_4.0,5.0,44100,99,esc50_2-118625-A-30.npy,train
esc50_2-120218-A-30,2-120218-A-30.wav,ESC-50,door_wood_knock,IMPULSIVE,PROXY,CC_BY_NC_4.0,5.0,44100,99,esc50_2-120218-A-30.npy,val
esc50_2-120218-B-30,2-120218-B-30.wav,ESC-50,door_wood_knock,IMPULSIVE,PROXY,CC_BY_NC_4.0,5.0,44100,99,esc50_2-120218-B-30.npy,train
esc50_2-121909-A-35,2-121909-A-35.wav,ESC-50,washing_machine,STATIONARY,PROXY,CC_BY_NC_4.0,5.0,44100,99,esc50_2-121909-A-35.npy,train
esc50_2-122066-A-45,2-122066-A-45.wav,ESC-50,train,NON_STATIONARY,PROXY,CC_BY_NC_4.0,5.0,44100,99,esc50_2-122066-A-45.npy,train
esc50_2-122066-B-45,2-122066-B-45.wav,ESC-50,train,NON_STATIONARY,PROXY,CC_BY_NC_4.0,5.0,44100,99,esc50_2-122066-B-45.npy,train
esc50_2-122067-A-45,2-122067-A-45.wav,ESC-50,train,NON_STATIONARY,PROXY,CC_BY_NC_4.0,5.0,44100,99,esc50_2-122067-A-45.npy,train
esc50_2-122067-B-45,2-122067-B-45.wav,ESC-50,train,NON_STATIONARY,PROXY,CC_BY_NC_4.0,5.0,44100,99,esc50_2-122067-B-45.npy,train
esc50_2-122820-A-36,2-122820-A-36.wav,ESC-50,vacuum_cleaner,STATIONARY,PROXY,CC_BY_NC_4.0,5.0,44100,99,esc50_2-122820-A-36.npy,train
esc50_2-122820-B-36,2-122820-B-36.wav,ESC-50,vacuum_cleaner,STATIONARY,PROXY,CC_BY_NC_4.0,5.0,44100,99,esc50_2-122820-B-36.npy,train
esc50_2-125520-A-43,2-125520-A-43.wav,ESC-50,car_horn,NON_STATIONARY,PROXY,CC_BY_NC_4.0,5.0,44100,99,esc50_2-125520-A-43.npy,train
esc50_2-128465-A-43,2-128465-A-43.wav,ESC-50,car_horn,NON_STATIONARY,PROXY,CC_BY_NC_4.0,5.0,44100,99,esc50_2-128465-A-43.npy,train
esc50_2-128465-B-43,2-128465-B-43.wav,ESC-50,car_horn,NON_STATIONARY,PROXY,CC_BY_NC_4.0,5.0,44100,99,esc50_2-128465-B-43.npy,test
esc50_2-133889-A-30,2-133889-A-30.wav,ESC-50,door_wood_knock,IMPULSIVE,PROXY,CC_BY_NC_4.0,5.0,44100,99,esc50_2-133889-A-30.npy,val
esc50_2-134915-A-30,2-134915-A-30.wav,ESC-50,door_wood_knock,IMPULSIVE,PROXY,CC_BY_NC_4.0,5.0,44100,99,esc50_2-134915-A-30.npy,train
esc50_2-135649-A-45,2-135649-A-45.wav,ESC-50,train,NON_STATIONARY,PROXY,CC_BY_NC_4.0,5.0,44100,99,esc50_2-135649-A-45.npy,val
esc50_2-135649-B-45,2-135649-B-45.wav,ESC-50,train,NON_STATIONARY,PROXY,CC_BY_NC_4.0,5.0,44100,99,esc50_2-135649-B-45.npy,test
esc50_2-135649-C-45,2-135649-C-45.wav,ESC-50,train,NON_STATIONARY,PROXY,CC_BY_NC_4.0,5.0,44100,99,esc50_2-135649-C-45.npy,test
esc50_2-138465-A-43,2-138465-A-43.wav,ESC-50,car_horn,NON_STATIONARY,PROXY,CC_BY_NC_4.0,5.0,44100,99,esc50_2-138465-A-43.npy,train
esc50_2-140841-A-30,2-140841-A-30.wav,ESC-50,door_wood_knock,IMPULSIVE,PROXY,CC_BY_NC_4.0,5.0,44100,99,esc50_2-140841-A-30.npy,val
esc50_2-141563-A-39,2-141563-A-39.wav,ESC-50,glass_breaking,IMPULSIVE,PROXY,CC_BY_NC_4.0,5.0,44100,99,esc50_2-141563-A-39.npy,train
esc50_2-141681-A-36,2-141681-A-36.wav,ESC-50,vacuum_cleaner,STATIONARY,PROXY,CC_BY_NC_4.0,5.0,44100,99,esc50_2-141681-A-36.npy,train
esc50_2-141681-B-36,2-141681-B-36.wav,ESC-50,vacuum_cleaner,STATIONARY,PROXY,CC_BY_NC_4.0,5.0,44100,99,esc50_2-141681-B-36.npy,train
esc50_2-141682-A-36,2-141682-A-36.wav,ESC-50,vacuum_cleaner,STATIONARY,PROXY,CC_BY_NC_4.0,5.0,44100,99,esc50_2-141682-A-36.npy,train
esc50_2-141682-B-36,2-141682-B-36.wav,ESC-50,vacuum_cleaner,STATIONARY,PROXY,CC_BY_NC_4.0,5.0,44100,99,esc50_2-141682-B-36.npy,train
esc50_2-144137-A-43,2-144137-A-43.wav,ESC-50,car_horn,NON_STATIONARY,PROXY,CC_BY_NC_4.0,5.0,44100,99,esc50_2-144137-A-43.npy,train
esc50_2-160888-A-47,2-160888-A-47.wav,ESC-50,airplane,NON_STATIONARY,PROXY,CC_BY_NC_4.0,5.0,44100,99,esc50_2-160888-A-47.npy,train
esc50_2-165801-A-48,2-165801-A-48.wav,ESC-50,fireworks,IMPULSIVE,PROXY,CC_BY_NC_4.0,5.0,44100,99,esc50_2-165801-A-48.npy,val
esc50_2-173559-A-39,2-173559-A-39.wav,ESC-50,glass_breaking,IMPULSIVE,PROXY,CC_BY_NC_4.0,5.0,44100,99,esc50_2-173559-A-39.npy,train
esc50_2-173607-A-39,2-173607-A-39.wav,ESC-50,glass_breaking,IMPULSIVE,PROXY,CC_BY_NC_4.0,5.0,44100,99,esc50_2-173607-A-39.npy,train
esc50_2-173618-A-39,2-173618-A-39.wav,ESC-50,glass_breaking,IMPULSIVE,PROXY,CC_BY_NC_4.0,5.0,44100,99,esc50_2-173618-A-39.npy,test
esc50_2-188822-A-40,2-188822-A-40.wav,ESC-50,helicopter,NON_STATIONARY,CORE,CC_BY_NC_4.0,5.0,44100,99,esc50_2-188822-A-40.npy,train
esc50_2-188822-B-40,2-188822-B-40.wav,ESC-50,helicopter,NON_STATIONARY,CORE,CC_BY_NC_4.0,5.0,44100,99,esc50_2-188822-B-40.npy,test
esc50_2-188822-C-40,2-188822-C-40.wav,ESC-50,helicopter,NON_STATIONARY,CORE,CC_BY_NC_4.0,5.0,44100,99,esc50_2-188822-C-40.npy,train
esc50_2-188822-D-40,2-188822-D-40.wav,ESC-50,helicopter,NON_STATIONARY,CORE,CC_BY_NC_4.0,5.0,44100,99,esc50_2-188822-D-40.npy,train
esc50_2-205966-A-16,2-205966-A-16.wav,ESC-50,wind,STATIONARY,ENVIRONMENTAL,CC_BY_NC_4.0,5.0,44100,99,esc50_2-205966-A-16.npy,train
esc50_2-250710-A-39,2-250710-A-39.wav,ESC-50,glass_breaking,IMPULSIVE,PROXY,CC_BY_NC_4.0,5.0,44100,99,esc50_2-250710-A-39.npy,val
esc50_2-262579-A-45,2-262579-A-45.wav,ESC-50,train,NON_STATIONARY,PROXY,CC_BY_NC_4.0,5.0,44100,99,esc50_2-262579-A-45.npy,test
esc50_2-37806-A-40,2-37806-A-40.wav,ESC-50,helicopter,NON_STATIONARY,CORE,CC_BY_NC_4.0,5.0,44100,99,esc50_2-37806-A-40.npy,train
esc50_2-37806-B-40,2-37806-B-40.wav,ESC-50,helicopter,NON_STATIONARY,CORE,CC_BY_NC_4.0,5.0,44100,99,esc50_2-37806-B-40.npy,train
esc50_2-37806-C-40,2-37806-C-40.wav,ESC-50,helicopter,NON_STATIONARY,CORE,CC_BY_NC_4.0,5.0,44100,99,esc50_2-37806-C-40.npy,train
esc50_2-37806-D-40,2-37806-D-40.wav,ESC-50,helicopter,NON_STATIONARY,CORE,CC_BY_NC_4.0,5.0,44100,99,esc50_2-37806-D-40.npy,train
esc50_2-39441-A-19,2-39441-A-19.wav,ESC-50,thunderstorm,IMPULSIVE,ENVIRONMENTAL,CC_BY_NC_4.0,5.0,44100,99,esc50_2-39441-A-19.npy,test
esc50_2-39443-A-19,2-39443-A-19.wav,ESC-50,thunderstorm,IMPULSIVE,ENVIRONMENTAL,CC_BY_NC_4.0,5.0,44100,99,esc50_2-39443-A-19.npy,train
esc50_2-39443-B-19,2-39443-B-19.wav,ESC-50,thunderstorm,IMPULSIVE,ENVIRONMENTAL,CC_BY_NC_4.0,5.0,44100,99,esc50_2-39443-B-19.npy,train
esc50_2-39945-A-19,2-39945-A-19.wav,ESC-50,thunderstorm,IMPULSIVE,ENVIRONMENTAL,CC_BY_NC_4.0,5.0,44100,99,esc50_2-39945-A-19.npy,train
esc50_2-39945-B-19,2-39945-B-19.wav,ESC-50,thunderstorm,IMPULSIVE,ENVIRONMENTAL,CC_BY_NC_4.0,5.0,44100,99,esc50_2-39945-B-19.npy,test
esc50_2-39945-C-19,2-39945-C-19.wav,ESC-50,thunderstorm,IMPULSIVE,ENVIRONMENTAL,CC_BY_NC_4.0,5.0,44100,99,esc50_2-39945-C-19.npy,train
esc50_2-42101-A-43,2-42101-A-43.wav,ESC-50,car_horn,NON_STATIONARY,PROXY,CC_BY_NC_4.0,5.0,44100,99,esc50_2-42101-A-43.npy,train
esc50_2-43802-A-42,2-43802-A-42.wav,ESC-50,siren,NON_STATIONARY,PROXY,CC_BY_NC_4.0,5.0,44100,99,esc50_2-43802-A-42.npy,test
esc50_2-43806-A-42,2-43806-A-42.wav,ESC-50,siren,NON_STATIONARY,PROXY,CC_BY_NC_4.0,5.0,44100,99,esc50_2-43806-A-42.npy,test
esc50_2-50667-A-41,2-50667-A-41.wav,ESC-50,chainsaw,STATIONARY,PROXY,CC_BY_NC_4.0,5.0,44100,99,esc50_2-50667-A-41.npy,train
esc50_2-50667-B-41,2-50667-B-41.wav,ESC-50,chainsaw,STATIONARY,PROXY,CC_BY_NC_4.0,5.0,44100,99,esc50_2-50667-B-41.npy,train
esc50_2-50668-A-41,2-50668-A-41.wav,ESC-50,chainsaw,STATIONARY,PROXY,CC_BY_NC_4.0,5.0,44100,99,esc50_2-50668-A-41.npy,train
esc50_2-50668-B-41,2-50668-B-41.wav,ESC-50,chainsaw,STATIONARY,PROXY,CC_BY_NC_4.0,5.0,44100,99,esc50_2-50668-B-41.npy,train
esc50_2-51173-A-35,2-51173-A-35.wav,ESC-50,washing_machine,STATIONARY,PROXY,CC_BY_NC_4.0,5.0,44100,99,esc50_2-51173-A-35.npy,train
esc50_2-54086-A-43,2-54086-A-43.wav,ESC-50,car_horn,NON_STATIONARY,PROXY,CC_BY_NC_4.0,5.0,44100,99,esc50_2-54086-A-43.npy,train
esc50_2-59241-A-35,2-59241-A-35.wav,ESC-50,washing_machine,STATIONARY,PROXY,CC_BY_NC_4.0,5.0,44100,99,esc50_2-59241-A-35.npy,val
esc50_2-68391-A-41,2-68391-A-41.wav,ESC-50,chainsaw,STATIONARY,PROXY,CC_BY_NC_4.0,5.0,44100,99,esc50_2-68391-A-41.npy,train
esc50_2-68391-B-41,2-68391-B-41.wav,ESC-50,chainsaw,STATIONARY,PROXY,CC_BY_NC_4.0,5.0,44100,99,esc50_2-68391-B-41.npy,train
esc50_2-70052-A-42,2-70052-A-42.wav,ESC-50,siren,NON_STATIONARY,PROXY,CC_BY_NC_4.0,5.0,44100,99,esc50_2-70052-A-42.npy,train
esc50_2-70052-B-42,2-70052-B-42.wav,ESC-50,siren,NON_STATIONARY,PROXY,CC_BY_NC_4.0,5.0,44100,99,esc50_2-70052-B-42.npy,train
esc50_2-70936-A-42,2-70936-A-42.wav,ESC-50,siren,NON_STATIONARY,PROXY,CC_BY_NC_4.0,5.0,44100,99,esc50_2-70936-A-42.npy,train
esc50_2-70938-A-42,2-70938-A-42.wav,ESC-50,siren,NON_STATIONARY,PROXY,CC_BY_NC_4.0,5.0,44100,99,esc50_2-70938-A-42.npy,train
esc50_2-70939-A-42,2-70939-A-42.wav,ESC-50,siren,NON_STATIONARY,PROXY,CC_BY_NC_4.0,5.0,44100,99,esc50_2-70939-A-42.npy,test
esc50_2-72688-A-42,2-72688-A-42.wav,ESC-50,siren,NON_STATIONARY,PROXY,CC_BY_NC_4.0,5.0,44100,99,esc50_2-72688-A-42.npy,train
esc50_2-72970-A-10,2-72970-A-10.wav,ESC-50,rain,STATIONARY,ENVIRONMENTAL,CC_BY_NC_4.0,5.0,44100,99,esc50_2-72970-A-10.npy,train
esc50_2-73027-A-10,2-73027-A-10.wav,ESC-50,rain,STATIONARY,ENVIRONMENTAL,CC_BY_NC_4.0,5.0,44100,99,esc50_2-73027-A-10.npy,val
esc50_2-73260-A-10,2-73260-A-10.wav,ESC-50,rain,STATIONARY,ENVIRONMENTAL,CC_BY_NC_4.0,5.0,44100,99,esc50_2-73260-A-10.npy,train
esc50_2-74361-A-47,2-74361-A-47.wav,ESC-50,airplane,NON_STATIONARY,PROXY,CC_BY_NC_4.0,5.0,44100,99,esc50_2-74361-A-47.npy,train
esc50_2-77945-A-41,2-77945-A-41.wav,ESC-50,chainsaw,STATIONARY,PROXY,CC_BY_NC_4.0,5.0,44100,99,esc50_2-77945-A-41.npy,test
esc50_2-77945-B-41,2-77945-B-41.wav,ESC-50,chainsaw,STATIONARY,PROXY,CC_BY_NC_4.0,5.0,44100,99,esc50_2-77945-B-41.npy,train
esc50_2-78651-A-44,2-78651-A-44.wav,ESC-50,engine,STATIONARY,CORE,CC_BY_NC_4.0,5.0,44100,99,esc50_2-78651-A-44.npy,val
esc50_2-78781-A-47,2-78781-A-47.wav,ESC-50,airplane,NON_STATIONARY,PROXY,CC_BY_NC_4.0,5.0,44100,99,esc50_2-78781-A-47.npy,train
esc50_2-78799-A-47,2-78799-A-47.wav,ESC-50,airplane,NON_STATIONARY,PROXY,CC_BY_NC_4.0,5.0,44100,99,esc50_2-78799-A-47.npy,train
esc50_2-81731-A-10,2-81731-A-10.wav,ESC-50,rain,STATIONARY,ENVIRONMENTAL,CC_BY_NC_4.0,5.0,44100,99,esc50_2-81731-A-10.npy,train
esc50_2-82367-A-10,2-82367-A-10.wav,ESC-50,rain,STATIONARY,ENVIRONMENTAL,CC_BY_NC_4.0,5.0,44100,99,esc50_2-82367-A-10.npy,train
esc50_2-87781-A-10,2-87781-A-10.wav,ESC-50,rain,STATIONARY,ENVIRONMENTAL,CC_BY_NC_4.0,5.0,44100,99,esc50_2-87781-A-10.npy,train
esc50_2-96654-A-47,2-96654-A-47.wav,ESC-50,airplane,NON_STATIONARY,PROXY,CC_BY_NC_4.0,5.0,44100,99,esc50_2-96654-A-47.npy,train
esc50_2-98866-A-47,2-98866-A-47.wav,ESC-50,airplane,NON_STATIONARY,PROXY,CC_BY_NC_4.0,5.0,44100,99,esc50_2-98866-A-47.npy,test
esc50_3-103050-A-19,3-103050-A-19.wav,ESC-50,thunderstorm,IMPULSIVE,ENVIRONMENTAL,CC_BY_NC_4.0,5.0,44100,99,esc50_3-103050-A-19.npy,train
esc50_3-103051-A-19,3-103051-A-19.wav,ESC-50,thunderstorm,IMPULSIVE,ENVIRONMENTAL,CC_BY_NC_4.0,5.0,44100,99,esc50_3-103051-A-19.npy,train
esc50_3-103051-B-19,3-103051-B-19.wav,ESC-50,thunderstorm,IMPULSIVE,ENVIRONMENTAL,CC_BY_NC_4.0,5.0,44100,99,esc50_3-103051-B-19.npy,train
esc50_3-103051-C-19,3-103051-C-19.wav,ESC-50,thunderstorm,IMPULSIVE,ENVIRONMENTAL,CC_BY_NC_4.0,5.0,44100,99,esc50_3-103051-C-19.npy,train
esc50_3-115382-A-44,3-115382-A-44.wav,ESC-50,engine,STATIONARY,CORE,CC_BY_NC_4.0,5.0,44100,99,esc50_3-115382-A-44.npy,val
esc50_3-115387-A-47,3-115387-A-47.wav,ESC-50,airplane,NON_STATIONARY,PROXY,CC_BY_NC_4.0,5.0,44100,99,esc50_3-115387-A-47.npy,train
esc50_3-115387-B-47,3-115387-B-47.wav,ESC-50,airplane,NON_STATIONARY,PROXY,CC_BY_NC_4.0,5.0,44100,99,esc50_3-115387-B-47.npy,train
esc50_3-115387-C-47,3-115387-C-47.wav,ESC-50,airplane,NON_STATIONARY,PROXY,CC_BY_NC_4.0,5.0,44100,99,esc50_3-115387-C-47.npy,val
esc50_3-117504-A-16,3-117504-A-16.wav,ESC-50,wind,STATIONARY,ENVIRONMENTAL,CC_BY_NC_4.0,5.0,44100,99,esc50_3-117504-A-16.npy,val
esc50_3-117504-B-16,3-117504-B-16.wav,ESC-50,wind,STATIONARY,ENVIRONMENTAL,CC_BY_NC_4.0,5.0,44100,99,esc50_3-117504-B-16.npy,train
esc50_3-118656-A-41,3-118656-A-41.wav,ESC-50,chainsaw,STATIONARY,PROXY,CC_BY_NC_4.0,5.0,44100,99,esc50_3-118656-A-41.npy,test
esc50_3-118657-A-41,3-118657-A-41.wav,ESC-50,chainsaw,STATIONARY,PROXY,CC_BY_NC_4.0,5.0,44100,99,esc50_3-118657-A-41.npy,train
esc50_3-118657-B-41,3-118657-B-41.wav,ESC-50,chainsaw,STATIONARY,PROXY,CC_BY_NC_4.0,5.0,44100,99,esc50_3-118657-B-41.npy,val
esc50_3-118658-A-41,3-118658-A-41.wav,ESC-50,chainsaw,STATIONARY,PROXY,CC_BY_NC_4.0,5.0,44100,99,esc50_3-118658-A-41.npy,train
esc50_3-118658-B-41,3-118658-B-41.wav,ESC-50,chainsaw,STATIONARY,PROXY,CC_BY_NC_4.0,5.0,44100,99,esc50_3-118658-B-41.npy,train
esc50_3-118972-A-41,3-118972-A-41.wav,ESC-50,chainsaw,STATIONARY,PROXY,CC_BY_NC_4.0,5.0,44100,99,esc50_3-118972-A-41.npy,test
esc50_3-118972-B-41,3-118972-B-41.wav,ESC-50,chainsaw,STATIONARY,PROXY,CC_BY_NC_4.0,5.0,44100,99,esc50_3-118972-B-41.npy,train
esc50_3-119120-A-48,3-119120-A-48.wav,ESC-50,fireworks,IMPULSIVE,PROXY,CC_BY_NC_4.0,5.0,44100,99,esc50_3-119120-A-48.npy,train
esc50_3-119120-B-48,3-119120-B-48.wav,ESC-50,fireworks,IMPULSIVE,PROXY,CC_BY_NC_4.0,5.0,44100,99,esc50_3-119120-B-48.npy,train
esc50_3-119120-C-48,3-119120-C-48.wav,ESC-50,fireworks,IMPULSIVE,PROXY,CC_BY_NC_4.0,5.0,44100,99,esc50_3-119120-C-48.npy,test
esc50_3-119120-D-48,3-119120-D-48.wav,ESC-50,fireworks,IMPULSIVE,PROXY,CC_BY_NC_4.0,5.0,44100,99,esc50_3-119120-D-48.npy,test
esc50_3-119120-E-48,3-119120-E-48.wav,ESC-50,fireworks,IMPULSIVE,PROXY,CC_BY_NC_4.0,5.0,44100,99,esc50_3-119120-E-48.npy,train
esc50_3-119455-A-44,3-119455-A-44.wav,ESC-50,engine,STATIONARY,CORE,CC_BY_NC_4.0,5.0,44100,99,esc50_3-119455-A-44.npy,val
esc50_3-123224-A-19,3-123224-A-19.wav,ESC-50,thunderstorm,IMPULSIVE,ENVIRONMENTAL,CC_BY_NC_4.0,5.0,44100,99,esc50_3-123224-A-19.npy,val
esc50_3-124600-A-19,3-124600-A-19.wav,ESC-50,thunderstorm,IMPULSIVE,ENVIRONMENTAL,CC_BY_NC_4.0,5.0,44100,99,esc50_3-124600-A-19.npy,train
esc50_3-128160-A-44,3-128160-A-44.wav,ESC-50,engine,STATIONARY,CORE,CC_BY_NC_4.0,5.0,44100,99,esc50_3-128160-A-44.npy,val
esc50_3-128512-A-47,3-128512-A-47.wav,ESC-50,airplane,NON_STATIONARY,PROXY,CC_BY_NC_4.0,5.0,44100,99,esc50_3-128512-A-47.npy,train
esc50_3-128512-B-47,3-128512-B-47.wav,ESC-50,airplane,NON_STATIONARY,PROXY,CC_BY_NC_4.0,5.0,44100,99,esc50_3-128512-B-47.npy,train
esc50_3-132852-A-10,3-132852-A-10.wav,ESC-50,rain,STATIONARY,ENVIRONMENTAL,CC_BY_NC_4.0,5.0,44100,99,esc50_3-132852-A-10.npy,train
esc50_3-134699-A-16,3-134699-A-16.wav,ESC-50,wind,STATIONARY,ENVIRONMENTAL,CC_BY_NC_4.0,5.0,44100,99,esc50_3-134699-A-16.npy,train
esc50_3-134699-B-16,3-134699-B-16.wav,ESC-50,wind,STATIONARY,ENVIRONMENTAL,CC_BY_NC_4.0,5.0,44100,99,esc50_3-134699-B-16.npy,train
esc50_3-134699-C-16,3-134699-C-16.wav,ESC-50,wind,STATIONARY,ENVIRONMENTAL,CC_BY_NC_4.0,5.0,44100,99,esc50_3-134699-C-16.npy,train
esc50_3-135469-A-35,3-135469-A-35.wav,ESC-50,washing_machine,STATIONARY,PROXY,CC_BY_NC_4.0,5.0,44100,99,esc50_3-135469-A-35.npy,val
esc50_3-135650-A-45,3-135650-A-45.wav,ESC-50,train,NON_STATIONARY,PROXY,CC_BY_NC_4.0,5.0,44100,99,esc50_3-135650-A-45.npy,test
esc50_3-135650-B-45,3-135650-B-45.wav,ESC-50,train,NON_STATIONARY,PROXY,CC_BY_NC_4.0,5.0,44100,99,esc50_3-135650-B-45.npy,train
esc50_3-136451-A-45,3-136451-A-45.wav,ESC-50,train,NON_STATIONARY,PROXY,CC_BY_NC_4.0,5.0,44100,99,esc50_3-136451-A-45.npy,train
esc50_3-136608-A-16,3-136608-A-16.wav,ESC-50,wind,STATIONARY,ENVIRONMENTAL,CC_BY_NC_4.0,5.0,44100,99,esc50_3-136608-A-16.npy,val
esc50_3-138212-A-45,3-138212-A-45.wav,ESC-50,train,NON_STATIONARY,PROXY,CC_BY_NC_4.0,5.0,44100,99,esc50_3-138212-A-45.npy,train
esc50_3-140774-A-10,3-140774-A-10.wav,ESC-50,rain,STATIONARY,ENVIRONMENTAL,CC_BY_NC_4.0,5.0,44100,99,esc50_3-140774-A-10.npy,test
esc50_3-141240-A-44,3-141240-A-44.wav,ESC-50,engine,STATIONARY,CORE,CC_BY_NC_4.0,5.0,44100,99,esc50_3-141240-A-44.npy,train
esc50_3-141240-B-44,3-141240-B-44.wav,ESC-50,engine,STATIONARY,CORE,CC_BY_NC_4.0,5.0,44100,99,esc50_3-141240-B-44.npy,train
esc50_3-141559-A-45,3-141559-A-45.wav,ESC-50,train,NON_STATIONARY,PROXY,CC_BY_NC_4.0,5.0,44100,99,esc50_3-141559-A-45.npy,train
esc50_3-142005-A-10,3-142005-A-10.wav,ESC-50,rain,STATIONARY,ENVIRONMENTAL,CC_BY_NC_4.0,5.0,44100,99,esc50_3-142005-A-10.npy,train
esc50_3-142006-A-10,3-142006-A-10.wav,ESC-50,rain,STATIONARY,ENVIRONMENTAL,CC_BY_NC_4.0,5.0,44100,99,esc50_3-142006-A-10.npy,test
esc50_3-143560-A-47,3-143560-A-47.wav,ESC-50,airplane,NON_STATIONARY,PROXY,CC_BY_NC_4.0,5.0,44100,99,esc50_3-143560-A-47.npy,test
esc50_3-143562-A-47,3-143562-A-47.wav,ESC-50,airplane,NON_STATIONARY,PROXY,CC_BY_NC_4.0,5.0,44100,99,esc50_3-143562-A-47.npy,train
esc50_3-143929-A-10,3-143929-A-10.wav,ESC-50,rain,STATIONARY,ENVIRONMENTAL,CC_BY_NC_4.0,5.0,44100,99,esc50_3-143929-A-10.npy,train
esc50_3-144510-A-30,3-144510-A-30.wav,ESC-50,door_wood_knock,IMPULSIVE,PROXY,CC_BY_NC_4.0,5.0,44100,99,esc50_3-144510-A-30.npy,train
esc50_3-144891-A-19,3-144891-A-19.wav,ESC-50,thunderstorm,IMPULSIVE,ENVIRONMENTAL,CC_BY_NC_4.0,5.0,44100,99,esc50_3-144891-A-19.npy,train
esc50_3-144891-B-19,3-144891-B-19.wav,ESC-50,thunderstorm,IMPULSIVE,ENVIRONMENTAL,CC_BY_NC_4.0,5.0,44100,99,esc50_3-144891-B-19.npy,train
esc50_3-145577-A-43,3-145577-A-43.wav,ESC-50,car_horn,NON_STATIONARY,PROXY,CC_BY_NC_4.0,5.0,44100,99,esc50_3-145577-A-43.npy,train
esc50_3-146186-A-44,3-146186-A-44.wav,ESC-50,engine,STATIONARY,CORE,CC_BY_NC_4.0,5.0,44100,99,esc50_3-146186-A-44.npy,train
esc50_3-146697-A-43,3-146697-A-43.wav,ESC-50,car_horn,NON_STATIONARY,PROXY,CC_BY_NC_4.0,5.0,44100,99,esc50_3-146697-A-43.npy,train
esc50_3-150979-A-40,3-150979-A-40.wav,ESC-50,helicopter,NON_STATIONARY,CORE,CC_BY_NC_4.0,5.0,44100,99,esc50_3-150979-A-40.npy,test
esc50_3-150979-B-40,3-150979-B-40.wav,ESC-50,helicopter,NON_STATIONARY,CORE,CC_BY_NC_4.0,5.0,44100,99,esc50_3-150979-B-40.npy,train
esc50_3-150979-C-40,3-150979-C-40.wav,ESC-50,helicopter,NON_STATIONARY,CORE,CC_BY_NC_4.0,5.0,44100,99,esc50_3-150979-C-40.npy,test
esc50_3-151089-A-30,3-151089-A-30.wav,ESC-50,door_wood_knock,IMPULSIVE,PROXY,CC_BY_NC_4.0,5.0,44100,99,esc50_3-151089-A-30.npy,train
esc50_3-151269-A-35,3-151269-A-35.wav,ESC-50,washing_machine,STATIONARY,PROXY,CC_BY_NC_4.0,5.0,44100,99,esc50_3-151269-A-35.npy,train
esc50_3-151273-A-35,3-151273-A-35.wav,ESC-50,washing_machine,STATIONARY,PROXY,CC_BY_NC_4.0,5.0,44100,99,esc50_3-151273-A-35.npy,test
esc50_3-152020-A-36,3-152020-A-36.wav,ESC-50,vacuum_cleaner,STATIONARY,PROXY,CC_BY_NC_4.0,5.0,44100,99,esc50_3-152020-A-36.npy,val
esc50_3-152020-B-36,3-152020-B-36.wav,ESC-50,vacuum_cleaner,STATIONARY,PROXY,CC_BY_NC_4.0,5.0,44100,99,esc50_3-152020-B-36.npy,train
esc50_3-152020-C-36,3-152020-C-36.wav,ESC-50,vacuum_cleaner,STATIONARY,PROXY,CC_BY_NC_4.0,5.0,44100,99,esc50_3-152020-C-36.npy,train
esc50_3-152594-A-30,3-152594-A-30.wav,ESC-50,door_wood_knock,IMPULSIVE,PROXY,CC_BY_NC_4.0,5.0,44100,99,esc50_3-152594-A-30.npy,train
esc50_3-153057-A-43,3-153057-A-43.wav,ESC-50,car_horn,NON_STATIONARY,PROXY,CC_BY_NC_4.0,5.0,44100,99,esc50_3-153057-A-43.npy,train
esc50_3-154378-A-30,3-154378-A-30.wav,ESC-50,door_wood_knock,IMPULSIVE,PROXY,CC_BY_NC_4.0,5.0,44100,99,esc50_3-154378-A-30.npy,train
esc50_3-154758-A-44,3-154758-A-44.wav,ESC-50,engine,STATIONARY,CORE,CC_BY_NC_4.0,5.0,44100,99,esc50_3-154758-A-44.npy,train
esc50_3-154926-A-40,3-154926-A-40.wav,ESC-50,helicopter,NON_STATIONARY,CORE,CC_BY_NC_4.0,5.0,44100,99,esc50_3-154926-A-40.npy,train
esc50_3-154926-B-40,3-154926-B-40.wav,ESC-50,helicopter,NON_STATIONARY,CORE,CC_BY_NC_4.0,5.0,44100,99,esc50_3-154926-B-40.npy,val
esc50_3-155130-A-43,3-155130-A-43.wav,ESC-50,car_horn,NON_STATIONARY,PROXY,CC_BY_NC_4.0,5.0,44100,99,esc50_3-155130-A-43.npy,train
esc50_3-155234-A-43,3-155234-A-43.wav,ESC-50,car_horn,NON_STATIONARY,PROXY,CC_BY_NC_4.0,5.0,44100,99,esc50_3-155234-A-43.npy,val
esc50_3-156391-A-35,3-156391-A-35.wav,ESC-50,washing_machine,STATIONARY,PROXY,CC_BY_NC_4.0,5.0,44100,99,esc50_3-156391-A-35.npy,train
esc50_3-156393-A-35,3-156393-A-35.wav,ESC-50,washing_machine,STATIONARY,PROXY,CC_BY_NC_4.0,5.0,44100,99,esc50_3-156393-A-35.npy,train
esc50_3-157149-A-10,3-157149-A-10.wav,ESC-50,rain,STATIONARY,ENVIRONMENTAL,CC_BY_NC_4.0,5.0,44100,99,esc50_3-157149-A-10.npy,train
esc50_3-157487-A-10,3-157487-A-10.wav,ESC-50,rain,STATIONARY,ENVIRONMENTAL,CC_BY_NC_4.0,5.0,44100,99,esc50_3-157487-A-10.npy,train
esc50_3-157492-A-45,3-157492-A-45.wav,ESC-50,train,NON_STATIONARY,PROXY,CC_BY_NC_4.0,5.0,44100,99,esc50_3-157492-A-45.npy,train
esc50_3-157615-A-10,3-157615-A-10.wav,ESC-50,rain,STATIONARY,ENVIRONMENTAL,CC_BY_NC_4.0,5.0,44100,99,esc50_3-157615-A-10.npy,train
esc50_3-159346-A-36,3-159346-A-36.wav,ESC-50,vacuum_cleaner,STATIONARY,PROXY,CC_BY_NC_4.0,5.0,44100,99,esc50_3-159346-A-36.npy,train
esc50_3-159346-B-36,3-159346-B-36.wav,ESC-50,vacuum_cleaner,STATIONARY,PROXY,CC_BY_NC_4.0,5.0,44100,99,esc50_3-159346-B-36.npy,val
esc50_3-159347-A-36,3-159347-A-36.wav,ESC-50,vacuum_cleaner,STATIONARY,PROXY,CC_BY_NC_4.0,5.0,44100,99,esc50_3-159347-A-36.npy,train
esc50_3-159347-B-36,3-159347-B-36.wav,ESC-50,vacuum_cleaner,STATIONARY,PROXY,CC_BY_NC_4.0,5.0,44100,99,esc50_3-159347-B-36.npy,train
esc50_3-159348-A-36,3-159348-A-36.wav,ESC-50,vacuum_cleaner,STATIONARY,PROXY,CC_BY_NC_4.0,5.0,44100,99,esc50_3-159348-A-36.npy,train
esc50_3-159445-A-45,3-159445-A-45.wav,ESC-50,train,NON_STATIONARY,PROXY,CC_BY_NC_4.0,5.0,44100,99,esc50_3-159445-A-45.npy,train
esc50_3-159445-B-45,3-159445-B-45.wav,ESC-50,train,NON_STATIONARY,PROXY,CC_BY_NC_4.0,5.0,44100,99,esc50_3-159445-B-45.npy,train
esc50_3-161010-A-43,3-161010-A-43.wav,ESC-50,car_horn,NON_STATIONARY,PROXY,CC_BY_NC_4.0,5.0,44100,99,esc50_3-161010-A-43.npy,train
esc50_3-165856-A-41,3-165856-A-41.wav,ESC-50,chainsaw,STATIONARY,PROXY,CC_BY_NC_4.0,5.0,44100,99,esc50_3-165856-A-41.npy,train
esc50_3-170574-A-30,3-170574-A-30.wav,ESC-50,door_wood_knock,IMPULSIVE,PROXY,CC_BY_NC_4.0,5.0,44100,99,esc50_3-170574-A-30.npy,train
esc50_3-172881-A-48,3-172881-A-48.wav,ESC-50,fireworks,IMPULSIVE,PROXY,CC_BY_NC_4.0,5.0,44100,99,esc50_3-172881-A-48.npy,val
esc50_3-172922-A-48,3-172922-A-48.wav,ESC-50,fireworks,IMPULSIVE,PROXY,CC_BY_NC_4.0,5.0,44100,99,esc50_3-172922-A-48.npy,train
esc50_3-174840-A-43,3-174840-A-43.wav,ESC-50,car_horn,NON_STATIONARY,PROXY,CC_BY_NC_4.0,5.0,44100,99,esc50_3-174840-A-43.npy,test
esc50_3-180147-A-30,3-180147-A-30.wav,ESC-50,door_wood_knock,IMPULSIVE,PROXY,CC_BY_NC_4.0,5.0,44100,99,esc50_3-180147-A-30.npy,train
esc50_3-182023-A-30,3-182023-A-30.wav,ESC-50,door_wood_knock,IMPULSIVE,PROXY,CC_BY_NC_4.0,5.0,44100,99,esc50_3-182023-A-30.npy,train
esc50_3-182025-A-30,3-182025-A-30.wav,ESC-50,door_wood_knock,IMPULSIVE,PROXY,CC_BY_NC_4.0,5.0,44100,99,esc50_3-182025-A-30.npy,val
esc50_3-182710-A-35,3-182710-A-35.wav,ESC-50,washing_machine,STATIONARY,PROXY,CC_BY_NC_4.0,5.0,44100,99,esc50_3-182710-A-35.npy,train
esc50_3-182710-B-35,3-182710-B-35.wav,ESC-50,washing_machine,STATIONARY,PROXY,CC_BY_NC_4.0,5.0,44100,99,esc50_3-182710-B-35.npy,train
esc50_3-188726-A-35,3-188726-A-35.wav,ESC-50,washing_machine,STATIONARY,PROXY,CC_BY_NC_4.0,5.0,44100,99,esc50_3-188726-A-35.npy,val
esc50_3-193767-A-47,3-193767-A-47.wav,ESC-50,airplane,NON_STATIONARY,PROXY,CC_BY_NC_4.0,5.0,44100,99,esc50_3-193767-A-47.npy,train
esc50_3-203371-A-39,3-203371-A-39.wav,ESC-50,glass_breaking,IMPULSIVE,PROXY,CC_BY_NC_4.0,5.0,44100,99,esc50_3-203371-A-39.npy,test
esc50_3-203373-A-39,3-203373-A-39.wav,ESC-50,glass_breaking,IMPULSIVE,PROXY,CC_BY_NC_4.0,5.0,44100,99,esc50_3-203373-A-39.npy,val
esc50_3-203374-A-39,3-203374-A-39.wav,ESC-50,glass_breaking,IMPULSIVE,PROXY,CC_BY_NC_4.0,5.0,44100,99,esc50_3-203374-A-39.npy,train
esc50_3-203375-A-39,3-203375-A-39.wav,ESC-50,glass_breaking,IMPULSIVE,PROXY,CC_BY_NC_4.0,5.0,44100,99,esc50_3-203375-A-39.npy,test
esc50_3-203377-A-39,3-203377-A-39.wav,ESC-50,glass_breaking,IMPULSIVE,PROXY,CC_BY_NC_4.0,5.0,44100,99,esc50_3-203377-A-39.npy,test
esc50_3-216280-A-39,3-216280-A-39.wav,ESC-50,glass_breaking,IMPULSIVE,PROXY,CC_BY_NC_4.0,5.0,44100,99,esc50_3-216280-A-39.npy,train
esc50_3-216281-A-39,3-216281-A-39.wav,ESC-50,glass_breaking,IMPULSIVE,PROXY,CC_BY_NC_4.0,5.0,44100,99,esc50_3-216281-A-39.npy,train
esc50_3-216284-A-39,3-216284-A-39.wav,ESC-50,glass_breaking,IMPULSIVE,PROXY,CC_BY_NC_4.0,5.0,44100,99,esc50_3-216284-A-39.npy,train
esc50_3-243726-A-43,3-243726-A-43.wav,ESC-50,car_horn,NON_STATIONARY,PROXY,CC_BY_NC_4.0,5.0,44100,99,esc50_3-243726-A-43.npy,train
esc50_3-246513-A-16,3-246513-A-16.wav,ESC-50,wind,STATIONARY,ENVIRONMENTAL,CC_BY_NC_4.0,5.0,44100,99,esc50_3-246513-A-16.npy,test
esc50_3-246513-B-16,3-246513-B-16.wav,ESC-50,wind,STATIONARY,ENVIRONMENTAL,CC_BY_NC_4.0,5.0,44100,99,esc50_3-246513-B-16.npy,test
esc50_3-251617-A-48,3-251617-A-48.wav,ESC-50,fireworks,IMPULSIVE,PROXY,CC_BY_NC_4.0,5.0,44100,99,esc50_3-251617-A-48.npy,train
esc50_3-259622-A-44,3-259622-A-44.wav,ESC-50,engine,STATIONARY,CORE,CC_BY_NC_4.0,5.0,44100,99,esc50_3-259622-A-44.npy,test
esc50_3-51376-A-42,3-51376-A-42.wav,ESC-50,siren,NON_STATIONARY,PROXY,CC_BY_NC_4.0,5.0,44100,99,esc50_3-51376-A-42.npy,train
esc50_3-51731-A-42,3-51731-A-42.wav,ESC-50,siren,NON_STATIONARY,PROXY,CC_BY_NC_4.0,5.0,44100,99,esc50_3-51731-A-42.npy,train
esc50_3-51731-B-42,3-51731-B-42.wav,ESC-50,siren,NON_STATIONARY,PROXY,CC_BY_NC_4.0,5.0,44100,99,esc50_3-51731-B-42.npy,test
esc50_3-51909-A-42,3-51909-A-42.wav,ESC-50,siren,NON_STATIONARY,PROXY,CC_BY_NC_4.0,5.0,44100,99,esc50_3-51909-A-42.npy,train
esc50_3-51909-B-42,3-51909-B-42.wav,ESC-50,siren,NON_STATIONARY,PROXY,CC_BY_NC_4.0,5.0,44100,99,esc50_3-51909-B-42.npy,train
esc50_3-58772-A-42,3-58772-A-42.wav,ESC-50,siren,NON_STATIONARY,PROXY,CC_BY_NC_4.0,5.0,44100,99,esc50_3-58772-A-42.npy,val
esc50_3-62878-A-42,3-62878-A-42.wav,ESC-50,siren,NON_STATIONARY,PROXY,CC_BY_NC_4.0,5.0,44100,99,esc50_3-62878-A-42.npy,train
esc50_3-62878-B-42,3-62878-B-42.wav,ESC-50,siren,NON_STATIONARY,PROXY,CC_BY_NC_4.0,5.0,44100,99,esc50_3-62878-B-42.npy,val
esc50_3-68630-A-40,3-68630-A-40.wav,ESC-50,helicopter,NON_STATIONARY,CORE,CC_BY_NC_4.0,5.0,44100,99,esc50_3-68630-A-40.npy,train
esc50_3-68630-B-40,3-68630-B-40.wav,ESC-50,helicopter,NON_STATIONARY,CORE,CC_BY_NC_4.0,5.0,44100,99,esc50_3-68630-B-40.npy,train
esc50_3-68630-C-40,3-68630-C-40.wav,ESC-50,helicopter,NON_STATIONARY,CORE,CC_BY_NC_4.0,5.0,44100,99,esc50_3-68630-C-40.npy,val
esc50_4-102871-A-42,4-102871-A-42.wav,ESC-50,siren,NON_STATIONARY,PROXY,CC_BY_NC_4.0,5.0,44100,99,esc50_4-102871-A-42.npy,train
esc50_4-111671-A-42,4-111671-A-42.wav,ESC-50,siren,NON_STATIONARY,PROXY,CC_BY_NC_4.0,5.0,44100,99,esc50_4-111671-A-42.npy,test
esc50_4-111671-B-42,4-111671-B-42.wav,ESC-50,siren,NON_STATIONARY,PROXY,CC_BY_NC_4.0,5.0,44100,99,esc50_4-111671-B-42.npy,train
esc50_4-119647-A-48,4-119647-A-48.wav,ESC-50,fireworks,IMPULSIVE,PROXY,CC_BY_NC_4.0,5.0,44100,99,esc50_4-119647-A-48.npy,train
esc50_4-119647-B-48,4-119647-B-48.wav,ESC-50,fireworks,IMPULSIVE,PROXY,CC_BY_NC_4.0,5.0,44100,99,esc50_4-119647-B-48.npy,train
esc50_4-119647-C-48,4-119647-C-48.wav,ESC-50,fireworks,IMPULSIVE,PROXY,CC_BY_NC_4.0,5.0,44100,99,esc50_4-119647-C-48.npy,test
esc50_4-119647-D-48,4-119647-D-48.wav,ESC-50,fireworks,IMPULSIVE,PROXY,CC_BY_NC_4.0,5.0,44100,99,esc50_4-119647-D-48.npy,train
esc50_4-119648-A-48,4-119648-A-48.wav,ESC-50,fireworks,IMPULSIVE,PROXY,CC_BY_NC_4.0,5.0,44100,99,esc50_4-119648-A-48.npy,train
esc50_4-119648-B-48,4-119648-B-48.wav,ESC-50,fireworks,IMPULSIVE,PROXY,CC_BY_NC_4.0,5.0,44100,99,esc50_4-119648-B-48.npy,test
esc50_4-119648-C-48,4-119648-C-48.wav,ESC-50,fireworks,IMPULSIVE,PROXY,CC_BY_NC_4.0,5.0,44100,99,esc50_4-119648-C-48.npy,val
esc50_4-119648-D-48,4-119648-D-48.wav,ESC-50,fireworks,IMPULSIVE,PROXY,CC_BY_NC_4.0,5.0,44100,99,esc50_4-119648-D-48.npy,train
esc50_4-121532-A-42,4-121532-A-42.wav,ESC-50,siren,NON_STATIONARY,PROXY,CC_BY_NC_4.0,5.0,44100,99,esc50_4-121532-A-42.npy,train
esc50_4-125070-A-19,4-125070-A-19.wav,ESC-50,thunderstorm,IMPULSIVE,ENVIRONMENTAL,CC_BY_NC_4.0,5.0,44100,99,esc50_4-125070-A-19.npy,train
esc50_4-125071-A-19,4-125071-A-19.wav,ESC-50,thunderstorm,IMPULSIVE,ENVIRONMENTAL,CC_BY_NC_4.0,5.0,44100,99,esc50_4-125071-A-19.npy,test
esc50_4-125072-A-19,4-125072-A-19.wav,ESC-50,thunderstorm,IMPULSIVE,ENVIRONMENTAL,CC_BY_NC_4.0,5.0,44100,99,esc50_4-125072-A-19.npy,val
esc50_4-125072-B-19,4-125072-B-19.wav,ESC-50,thunderstorm,IMPULSIVE,ENVIRONMENTAL,CC_BY_NC_4.0,5.0,44100,99,esc50_4-125072-B-19.npy,train
esc50_4-125929-A-40,4-125929-A-40.wav,ESC-50,helicopter,NON_STATIONARY,CORE,CC_BY_NC_4.0,5.0,44100,99,esc50_4-125929-A-40.npy,test
esc50_4-144083-A-16,4-144083-A-16.wav,ESC-50,wind,STATIONARY,ENVIRONMENTAL,CC_BY_NC_4.0,5.0,44100,99,esc50_4-144083-A-16.npy,train
esc50_4-144083-B-16,4-144083-B-16.wav,ESC-50,wind,STATIONARY,ENVIRONMENTAL,CC_BY_NC_4.0,5.0,44100,99,esc50_4-144083-B-16.npy,test
esc50_4-144083-C-16,4-144083-C-16.wav,ESC-50,wind,STATIONARY,ENVIRONMENTAL,CC_BY_NC_4.0,5.0,44100,99,esc50_4-144083-C-16.npy,train
esc50_4-144085-A-16,4-144085-A-16.wav,ESC-50,wind,STATIONARY,ENVIRONMENTAL,CC_BY_NC_4.0,5.0,44100,99,esc50_4-144085-A-16.npy,train
esc50_4-146200-A-36,4-146200-A-36.wav,ESC-50,vacuum_cleaner,STATIONARY,PROXY,CC_BY_NC_4.0,5.0,44100,99,esc50_4-146200-A-36.npy,test
esc50_4-149294-A-41,4-149294-A-41.wav,ESC-50,chainsaw,STATIONARY,PROXY,CC_BY_NC_4.0,5.0,44100,99,esc50_4-149294-A-41.npy,train
esc50_4-149294-B-41,4-149294-B-41.wav,ESC-50,chainsaw,STATIONARY,PROXY,CC_BY_NC_4.0,5.0,44100,99,esc50_4-149294-B-41.npy,test
esc50_4-156993-A-19,4-156993-A-19.wav,ESC-50,thunderstorm,IMPULSIVE,ENVIRONMENTAL,CC_BY_NC_4.0,5.0,44100,99,esc50_4-156993-A-19.npy,train
esc50_4-157611-A-41,4-157611-A-41.wav,ESC-50,chainsaw,STATIONARY,PROXY,CC_BY_NC_4.0,5.0,44100,99,esc50_4-157611-A-41.npy,val
esc50_4-157611-B-41,4-157611-B-41.wav,ESC-50,chainsaw,STATIONARY,PROXY,CC_BY_NC_4.0,5.0,44100,99,esc50_4-157611-B-41.npy,train
esc50_4-160999-A-10,4-160999-A-10.wav,ESC-50,rain,STATIONARY,ENVIRONMENTAL,CC_BY_NC_4.0,5.0,44100,99,esc50_4-160999-A-10.npy,train
esc50_4-161099-A-47,4-161099-A-47.wav,ESC-50,airplane,NON_STATIONARY,PROXY,CC_BY_NC_4.0,5.0,44100,99,esc50_4-161099-A-47.npy,train
esc50_4-161099-B-47,4-161099-B-47.wav,ESC-50,airplane,NON_STATIONARY,PROXY,CC_BY_NC_4.0,5.0,44100,99,esc50_4-161099-B-47.npy,val
esc50_4-161100-A-47,4-161100-A-47.wav,ESC-50,airplane,NON_STATIONARY,PROXY,CC_BY_NC_4.0,5.0,44100,99,esc50_4-161100-A-47.npy,val
esc50_4-161103-A-47,4-161103-A-47.wav,ESC-50,airplane,NON_STATIONARY,PROXY,CC_BY_NC_4.0,5.0,44100,99,esc50_4-161103-A-47.npy,test
esc50_4-161105-A-47,4-161105-A-47.wav,ESC-50,airplane,NON_STATIONARY,PROXY,CC_BY_NC_4.0,5.0,44100,99,esc50_4-161105-A-47.npy,test
esc50_4-161105-B-47,4-161105-B-47.wav,ESC-50,airplane,NON_STATIONARY,PROXY,CC_BY_NC_4.0,5.0,44100,99,esc50_4-161105-B-47.npy,train
esc50_4-161127-A-10,4-161127-A-10.wav,ESC-50,rain,STATIONARY,ENVIRONMENTAL,CC_BY_NC_4.0,5.0,44100,99,esc50_4-161127-A-10.npy,train
esc50_4-161519-A-19,4-161519-A-19.wav,ESC-50,thunderstorm,IMPULSIVE,ENVIRONMENTAL,CC_BY_NC_4.0,5.0,44100,99,esc50_4-161519-A-19.npy,test
esc50_4-161579-A-40,4-161579-A-40.wav,ESC-50,helicopter,NON_STATIONARY,CORE,CC_BY_NC_4.0,5.0,44100,99,esc50_4-161579-A-40.npy,train
esc50_4-161579-B-40,4-161579-B-40.wav,ESC-50,helicopter,NON_STATIONARY,CORE,CC_BY_NC_4.0,5.0,44100,99,esc50_4-161579-B-40.npy,val
esc50_4-163264-A-10,4-163264-A-10.wav,ESC-50,rain,STATIONARY,ENVIRONMENTAL,CC_BY_NC_4.0,5.0,44100,99,esc50_4-163264-A-10.npy,train
esc50_4-163606-A-16,4-163606-A-16.wav,ESC-50,wind,STATIONARY,ENVIRONMENTAL,CC_BY_NC_4.0,5.0,44100,99,esc50_4-163606-A-16.npy,val
esc50_4-163608-B-16,4-163608-B-16.wav,ESC-50,wind,STATIONARY,ENVIRONMENTAL,CC_BY_NC_4.0,5.0,44100,99,esc50_4-163608-B-16.npy,train
esc50_4-163609-A-16,4-163609-A-16.wav,ESC-50,wind,STATIONARY,ENVIRONMENTAL,CC_BY_NC_4.0,5.0,44100,99,esc50_4-163609-A-16.npy,train
esc50_4-163609-B-16,4-163609-B-16.wav,ESC-50,wind,STATIONARY,ENVIRONMENTAL,CC_BY_NC_4.0,5.0,44100,99,esc50_4-163609-B-16.npy,train
esc50_4-164206-A-10,4-164206-A-10.wav,ESC-50,rain,STATIONARY,ENVIRONMENTAL,CC_BY_NC_4.0,5.0,44100,99,esc50_4-164206-A-10.npy,train
esc50_4-165606-A-45,4-165606-A-45.wav,ESC-50,train,NON_STATIONARY,PROXY,CC_BY_NC_4.0,5.0,44100,99,esc50_4-165606-A-45.npy,train
esc50_4-165791-A-45,4-165791-A-45.wav,ESC-50,train,NON_STATIONARY,PROXY,CC_BY_NC_4.0,5.0,44100,99,esc50_4-165791-A-45.npy,train
esc50_4-165791-B-45,4-165791-B-45.wav,ESC-50,train,NON_STATIONARY,PROXY,CC_BY_NC_4.0,5.0,44100,99,esc50_4-165791-B-45.npy,val
esc50_4-165813-A-19,4-165813-A-19.wav,ESC-50,thunderstorm,IMPULSIVE,ENVIRONMENTAL,CC_BY_NC_4.0,5.0,44100,99,esc50_4-165813-A-19.npy,train
esc50_4-165813-B-19,4-165813-B-19.wav,ESC-50,thunderstorm,IMPULSIVE,ENVIRONMENTAL,CC_BY_NC_4.0,5.0,44100,99,esc50_4-165813-B-19.npy,train
esc50_4-165823-A-41,4-165823-A-41.wav,ESC-50,chainsaw,STATIONARY,PROXY,CC_BY_NC_4.0,5.0,44100,99,esc50_4-165823-A-41.npy,train
esc50_4-165823-B-41,4-165823-B-41.wav,ESC-50,chainsaw,STATIONARY,PROXY,CC_BY_NC_4.0,5.0,44100,99,esc50_4-165823-B-41.npy,train
esc50_4-165845-A-45,4-165845-A-45.wav,ESC-50,train,NON_STATIONARY,PROXY,CC_BY_NC_4.0,5.0,44100,99,esc50_4-165845-A-45.npy,train
esc50_4-165845-B-45,4-165845-B-45.wav,ESC-50,train,NON_STATIONARY,PROXY,CC_BY_NC_4.0,5.0,44100,99,esc50_4-165845-B-45.npy,test
esc50_4-165933-A-45,4-165933-A-45.wav,ESC-50,train,NON_STATIONARY,PROXY,CC_BY_NC_4.0,5.0,44100,99,esc50_4-165933-A-45.npy,train
esc50_4-166661-A-10,4-166661-A-10.wav,ESC-50,rain,STATIONARY,ENVIRONMENTAL,CC_BY_NC_4.0,5.0,44100,99,esc50_4-166661-A-10.npy,train
esc50_4-168446-A-45,4-168446-A-45.wav,ESC-50,train,NON_STATIONARY,PROXY,CC_BY_NC_4.0,5.0,44100,99,esc50_4-168446-A-45.npy,train
esc50_4-169127-A-41,4-169127-A-41.wav,ESC-50,chainsaw,STATIONARY,PROXY,CC_BY_NC_4.0,5.0,44100,99,esc50_4-169127-A-41.npy,train
esc50_4-169127-B-41,4-169127-B-41.wav,ESC-50,chainsaw,STATIONARY,PROXY,CC_BY_NC_4.0,5.0,44100,99,esc50_4-169127-B-41.npy,train
esc50_4-171652-A-44,4-171652-A-44.wav,ESC-50,engine,STATIONARY,CORE,CC_BY_NC_4.0,5.0,44100,99,esc50_4-171652-A-44.npy,val
esc50_4-172732-A-36,4-172732-A-36.wav,ESC-50,vacuum_cleaner,STATIONARY,PROXY,CC_BY_NC_4.0,5.0,44100,99,esc50_4-172732-A-36.npy,train
esc50_4-172733-A-36,4-172733-A-36.wav,ESC-50,vacuum_cleaner,STATIONARY,PROXY,CC_BY_NC_4.0,5.0,44100,99,esc50_4-172733-A-36.npy,val
esc50_4-172734-A-36,4-172734-A-36.wav,ESC-50,vacuum_cleaner,STATIONARY,PROXY,CC_BY_NC_4.0,5.0,44100,99,esc50_4-172734-A-36.npy,train
esc50_4-172736-A-36,4-172736-A-36.wav,ESC-50,vacuum_cleaner,STATIONARY,PROXY,CC_BY_NC_4.0,5.0,44100,99,esc50_4-172736-A-36.npy,train
esc50_4-172736-B-36,4-172736-B-36.wav,ESC-50,vacuum_cleaner,STATIONARY,PROXY,CC_BY_NC_4.0,5.0,44100,99,esc50_4-172736-B-36.npy,test
esc50_4-175000-A-40,4-175000-A-40.wav,ESC-50,helicopter,NON_STATIONARY,CORE,CC_BY_NC_4.0,5.0,44100,99,esc50_4-175000-A-40.npy,train
esc50_4-175000-B-40,4-175000-B-40.wav,ESC-50,helicopter,NON_STATIONARY,CORE,CC_BY_NC_4.0,5.0,44100,99,esc50_4-175000-B-40.npy,train
esc50_4-175000-C-40,4-175000-C-40.wav,ESC-50,helicopter,NON_STATIONARY,CORE,CC_BY_NC_4.0,5.0,44100,99,esc50_4-175000-C-40.npy,train
esc50_4-175845-A-43,4-175845-A-43.wav,ESC-50,car_horn,NON_STATIONARY,PROXY,CC_BY_NC_4.0,5.0,44100,99,esc50_4-175845-A-43.npy,val
esc50_4-175846-A-43,4-175846-A-43.wav,ESC-50,car_horn,NON_STATIONARY,PROXY,CC_BY_NC_4.0,5.0,44100,99,esc50_4-175846-A-43.npy,train
esc50_4-175855-A-43,4-175855-A-43.wav,ESC-50,car_horn,NON_STATIONARY,PROXY,CC_BY_NC_4.0,5.0,44100,99,esc50_4-175855-A-43.npy,val
esc50_4-175856-A-43,4-175856-A-43.wav,ESC-50,car_horn,NON_STATIONARY,PROXY,CC_BY_NC_4.0,5.0,44100,99,esc50_4-175856-A-43.npy,train
esc50_4-176631-A-43,4-176631-A-43.wav,ESC-50,car_horn,NON_STATIONARY,PROXY,CC_BY_NC_4.0,5.0,44100,99,esc50_4-176631-A-43.npy,train
esc50_4-176638-A-43,4-176638-A-43.wav,ESC-50,car_horn,NON_STATIONARY,PROXY,CC_BY_NC_4.0,5.0,44100,99,esc50_4-176638-A-43.npy,train
esc50_4-177250-A-10,4-177250-A-10.wav,ESC-50,rain,STATIONARY,ENVIRONMENTAL,CC_BY_NC_4.0,5.0,44100,99,esc50_4-177250-A-10.npy,train
esc50_4-178402-A-43,4-178402-A-43.wav,ESC-50,car_horn,NON_STATIONARY,PROXY,CC_BY_NC_4.0,5.0,44100,99,esc50_4-178402-A-43.npy,train
esc50_4-178881-A-45,4-178881-A-45.wav,ESC-50,train,NON_STATIONARY,PROXY,CC_BY_NC_4.0,5.0,44100,99,esc50_4-178881-A-45.npy,val
esc50_4-180380-A-10,4-180380-A-10.wav,ESC-50,rain,STATIONARY,ENVIRONMENTAL,CC_BY_NC_4.0,5.0,44100,99,esc50_4-180380-A-10.npy,train
esc50_4-181286-A-10,4-181286-A-10.wav,ESC-50,rain,STATIONARY,ENVIRONMENTAL,CC_BY_NC_4.0,5.0,44100,99,esc50_4-181286-A-10.npy,train
esc50_4-181999-A-36,4-181999-A-36.wav,ESC-50,vacuum_cleaner,STATIONARY,PROXY,CC_BY_NC_4.0,5.0,44100,99,esc50_4-181999-A-36.npy,train
esc50_4-182034-A-30,4-182034-A-30.wav,ESC-50,door_wood_knock,IMPULSIVE,PROXY,CC_BY_NC_4.0,5.0,44100,99,esc50_4-182034-A-30.npy,val
esc50_4-182039-A-30,4-182039-A-30.wav,ESC-50,door_wood_knock,IMPULSIVE,PROXY,CC_BY_NC_4.0,5.0,44100,99,esc50_4-182039-A-30.npy,train
esc50_4-182041-A-30,4-182041-A-30.wav,ESC-50,door_wood_knock,IMPULSIVE,PROXY,CC_BY_NC_4.0,5.0,44100,99,esc50_4-182041-A-30.npy,train
esc50_4-186518-A-30,4-186518-A-30.wav,ESC-50,door_wood_knock,IMPULSIVE,PROXY,CC_BY_NC_4.0,5.0,44100,99,esc50_4-186518-A-30.npy,val
esc50_4-186935-A-44,4-186935-A-44.wav,ESC-50,engine,STATIONARY,CORE,CC_BY_NC_4.0,5.0,44100,99,esc50_4-186935-A-44.npy,train
esc50_4-186936-A-44,4-186936-A-44.wav,ESC-50,engine,STATIONARY,CORE,CC_BY_NC_4.0,5.0,44100,99,esc50_4-186936-A-44.npy,train
esc50_4-186938-A-44,4-186938-A-44.wav,ESC-50,engine,STATIONARY,CORE,CC_BY_NC_4.0,5.0,44100,99,esc50_4-186938-A-44.npy,test
esc50_4-186940-A-44,4-186940-A-44.wav,ESC-50,engine,STATIONARY,CORE,CC_BY_NC_4.0,5.0,44100,99,esc50_4-186940-A-44.npy,train
esc50_4-186962-A-44,4-186962-A-44.wav,ESC-50,engine,STATIONARY,CORE,CC_BY_NC_4.0,5.0,44100,99,esc50_4-186962-A-44.npy,train
esc50_4-187284-A-30,4-187284-A-30.wav,ESC-50,door_wood_knock,IMPULSIVE,PROXY,CC_BY_NC_4.0,5.0,44100,99,esc50_4-187284-A-30.npy,train
esc50_4-188878-A-30,4-188878-A-30.wav,ESC-50,door_wood_knock,IMPULSIVE,PROXY,CC_BY_NC_4.0,5.0,44100,99,esc50_4-188878-A-30.npy,train
esc50_4-191015-A-43,4-191015-A-43.wav,ESC-50,car_horn,NON_STATIONARY,PROXY,CC_BY_NC_4.0,5.0,44100,99,esc50_4-191015-A-43.npy,train
esc50_4-193480-A-40,4-193480-A-40.wav,ESC-50,helicopter,NON_STATIONARY,CORE,CC_BY_NC_4.0,5.0,44100,99,esc50_4-193480-A-40.npy,train
esc50_4-193480-B-40,4-193480-B-40.wav,ESC-50,helicopter,NON_STATIONARY,CORE,CC_BY_NC_4.0,5.0,44100,99,esc50_4-193480-B-40.npy,val
esc50_4-194680-A-36,4-194680-A-36.wav,ESC-50,vacuum_cleaner,STATIONARY,PROXY,CC_BY_NC_4.0,5.0,44100,99,esc50_4-194680-A-36.npy,train
esc50_4-195451-A-44,4-195451-A-44.wav,ESC-50,engine,STATIONARY,CORE,CC_BY_NC_4.0,5.0,44100,99,esc50_4-195451-A-44.npy,train
esc50_4-201988-A-44,4-201988-A-44.wav,ESC-50,engine,STATIONARY,CORE,CC_BY_NC_4.0,5.0,44100,99,esc50_4-201988-A-44.npy,train
esc50_4-204115-A-39,4-204115-A-39.wav,ESC-50,glass_breaking,IMPULSIVE,PROXY,CC_BY_NC_4.0,5.0,44100,99,esc50_4-204115-A-39.npy,train
esc50_4-204119-A-39,4-204119-A-39.wav,ESC-50,glass_breaking,IMPULSIVE,PROXY,CC_BY_NC_4.0,5.0,44100,99,esc50_4-204119-A-39.npy,train
esc50_4-204121-A-39,4-204121-A-39.wav,ESC-50,glass_breaking,IMPULSIVE,PROXY,CC_BY_NC_4.0,5.0,44100,99,esc50_4-204121-A-39.npy,val
esc50_4-204123-A-39,4-204123-A-39.wav,ESC-50,glass_breaking,IMPULSIVE,PROXY,CC_BY_NC_4.0,5.0,44100,99,esc50_4-204123-A-39.npy,train
esc50_4-204777-A-39,4-204777-A-39.wav,ESC-50,glass_breaking,IMPULSIVE,PROXY,CC_BY_NC_4.0,5.0,44100,99,esc50_4-204777-A-39.npy,train
esc50_4-204777-B-39,4-204777-B-39.wav,ESC-50,glass_breaking,IMPULSIVE,PROXY,CC_BY_NC_4.0,5.0,44100,99,esc50_4-204777-B-39.npy,train
esc50_4-204777-C-39,4-204777-C-39.wav,ESC-50,glass_breaking,IMPULSIVE,PROXY,CC_BY_NC_4.0,5.0,44100,99,esc50_4-204777-C-39.npy,train
esc50_4-211502-A-30,4-211502-A-30.wav,ESC-50,door_wood_knock,IMPULSIVE,PROXY,CC_BY_NC_4.0,5.0,44100,99,esc50_4-211502-A-30.npy,train
esc50_4-212698-A-39,4-212698-A-39.wav,ESC-50,glass_breaking,IMPULSIVE,PROXY,CC_BY_NC_4.0,5.0,44100,99,esc50_4-212698-A-39.npy,train
esc50_4-218199-A-35,4-218199-A-35.wav,ESC-50,washing_machine,STATIONARY,PROXY,CC_BY_NC_4.0,5.0,44100,99,esc50_4-218199-A-35.npy,val
esc50_4-218199-B-35,4-218199-B-35.wav,ESC-50,washing_machine,STATIONARY,PROXY,CC_BY_NC_4.0,5.0,44100,99,esc50_4-218199-B-35.npy,train
esc50_4-218199-C-35,4-218199-C-35.wav,ESC-50,washing_machine,STATIONARY,PROXY,CC_BY_NC_4.0,5.0,44100,99,esc50_4-218199-C-35.npy,val
esc50_4-218199-D-35,4-218199-D-35.wav,ESC-50,washing_machine,STATIONARY,PROXY,CC_BY_NC_4.0,5.0,44100,99,esc50_4-218199-D-35.npy,train
esc50_4-218199-E-35,4-218199-E-35.wav,ESC-50,washing_machine,STATIONARY,PROXY,CC_BY_NC_4.0,5.0,44100,99,esc50_4-218199-E-35.npy,test
esc50_4-218199-F-35,4-218199-F-35.wav,ESC-50,washing_machine,STATIONARY,PROXY,CC_BY_NC_4.0,5.0,44100,99,esc50_4-218199-F-35.npy,val
esc50_4-218199-G-35,4-218199-G-35.wav,ESC-50,washing_machine,STATIONARY,PROXY,CC_BY_NC_4.0,5.0,44100,99,esc50_4-218199-G-35.npy,train
esc50_4-218199-H-35,4-218199-H-35.wav,ESC-50,washing_machine,STATIONARY,PROXY,CC_BY_NC_4.0,5.0,44100,99,esc50_4-218199-H-35.npy,train
esc50_4-251959-A-47,4-251959-A-47.wav,ESC-50,airplane,NON_STATIONARY,PROXY,CC_BY_NC_4.0,5.0,44100,99,esc50_4-251959-A-47.npy,train
esc50_4-255371-A-47,4-255371-A-47.wav,ESC-50,airplane,NON_STATIONARY,PROXY,CC_BY_NC_4.0,5.0,44100,99,esc50_4-255371-A-47.npy,train
esc50_4-261068-A-30,4-261068-A-30.wav,ESC-50,door_wood_knock,IMPULSIVE,PROXY,CC_BY_NC_4.0,5.0,44100,99,esc50_4-261068-A-30.npy,train
esc50_4-67358-A-42,4-67358-A-42.wav,ESC-50,siren,NON_STATIONARY,PROXY,CC_BY_NC_4.0,5.0,44100,99,esc50_4-67358-A-42.npy,val
esc50_4-80761-A-42,4-80761-A-42.wav,ESC-50,siren,NON_STATIONARY,PROXY,CC_BY_NC_4.0,5.0,44100,99,esc50_4-80761-A-42.npy,train
esc50_4-90014-A-42,4-90014-A-42.wav,ESC-50,siren,NON_STATIONARY,PROXY,CC_BY_NC_4.0,5.0,44100,99,esc50_4-90014-A-42.npy,val
esc50_4-90014-B-42,4-90014-B-42.wav,ESC-50,siren,NON_STATIONARY,PROXY,CC_BY_NC_4.0,5.0,44100,99,esc50_4-90014-B-42.npy,train
esc50_5-117118-A-42,5-117118-A-42.wav,ESC-50,siren,NON_STATIONARY,PROXY,CC_BY_NC_4.0,5.0,44100,99,esc50_5-117118-A-42.npy,test
esc50_5-117120-A-42,5-117120-A-42.wav,ESC-50,siren,NON_STATIONARY,PROXY,CC_BY_NC_4.0,5.0,44100,99,esc50_5-117120-A-42.npy,train
esc50_5-117122-A-42,5-117122-A-42.wav,ESC-50,siren,NON_STATIONARY,PROXY,CC_BY_NC_4.0,5.0,44100,99,esc50_5-117122-A-42.npy,test
esc50_5-117773-A-16,5-117773-A-16.wav,ESC-50,wind,STATIONARY,ENVIRONMENTAL,CC_BY_NC_4.0,5.0,44100,99,esc50_5-117773-A-16.npy,train
esc50_5-133989-A-42,5-133989-A-42.wav,ESC-50,siren,NON_STATIONARY,PROXY,CC_BY_NC_4.0,5.0,44100,99,esc50_5-133989-A-42.npy,test
esc50_5-133989-B-42,5-133989-B-42.wav,ESC-50,siren,NON_STATIONARY,PROXY,CC_BY_NC_4.0,5.0,44100,99,esc50_5-133989-B-42.npy,val
esc50_5-141683-A-35,5-141683-A-35.wav,ESC-50,washing_machine,STATIONARY,PROXY,CC_BY_NC_4.0,5.0,44100,99,esc50_5-141683-A-35.npy,train
esc50_5-150409-A-42,5-150409-A-42.wav,ESC-50,siren,NON_STATIONARY,PROXY,CC_BY_NC_4.0,5.0,44100,99,esc50_5-150409-A-42.npy,train
esc50_5-156999-A-19,5-156999-A-19.wav,ESC-50,thunderstorm,IMPULSIVE,ENVIRONMENTAL,CC_BY_NC_4.0,5.0,44100,99,esc50_5-156999-A-19.npy,test
esc50_5-156999-B-19,5-156999-B-19.wav,ESC-50,thunderstorm,IMPULSIVE,ENVIRONMENTAL,CC_BY_NC_4.0,5.0,44100,99,esc50_5-156999-B-19.npy,val
esc50_5-156999-C-19,5-156999-C-19.wav,ESC-50,thunderstorm,IMPULSIVE,ENVIRONMENTAL,CC_BY_NC_4.0,5.0,44100,99,esc50_5-156999-C-19.npy,train
esc50_5-156999-D-19,5-156999-D-19.wav,ESC-50,thunderstorm,IMPULSIVE,ENVIRONMENTAL,CC_BY_NC_4.0,5.0,44100,99,esc50_5-156999-D-19.npy,train
esc50_5-156999-E-19,5-156999-E-19.wav,ESC-50,thunderstorm,IMPULSIVE,ENVIRONMENTAL,CC_BY_NC_4.0,5.0,44100,99,esc50_5-156999-E-19.npy,train
esc50_5-157204-A-16,5-157204-A-16.wav,ESC-50,wind,STATIONARY,ENVIRONMENTAL,CC_BY_NC_4.0,5.0,44100,99,esc50_5-157204-A-16.npy,train
esc50_5-157204-B-16,5-157204-B-16.wav,ESC-50,wind,STATIONARY,ENVIRONMENTAL,CC_BY_NC_4.0,5.0,44100,99,esc50_5-157204-B-16.npy,train
esc50_5-160551-A-42,5-160551-A-42.wav,ESC-50,siren,NON_STATIONARY,PROXY,CC_BY_NC_4.0,5.0,44100,99,esc50_5-160551-A-42.npy,train
esc50_5-160614-A-48,5-160614-A-48.wav,ESC-50,fireworks,IMPULSIVE,PROXY,CC_BY_NC_4.0,5.0,44100,99,esc50_5-160614-A-48.npy,test
esc50_5-160614-B-48,5-160614-B-48.wav,ESC-50,fireworks,IMPULSIVE,PROXY,CC_BY_NC_4.0,5.0,44100,99,esc50_5-160614-B-48.npy,train
esc50_5-160614-C-48,5-160614-C-48.wav,ESC-50,fireworks,IMPULSIVE,PROXY,CC_BY_NC_4.0,5.0,44100,99,esc50_5-160614-C-48.npy,train
esc50_5-160614-D-48,5-160614-D-48.wav,ESC-50,fireworks,IMPULSIVE,PROXY,CC_BY_NC_4.0,5.0,44100,99,esc50_5-160614-D-48.npy,train
esc50_5-160614-E-48,5-160614-E-48.wav,ESC-50,fireworks,IMPULSIVE,PROXY,CC_BY_NC_4.0,5.0,44100,99,esc50_5-160614-E-48.npy,test
esc50_5-160614-F-48,5-160614-F-48.wav,ESC-50,fireworks,IMPULSIVE,PROXY,CC_BY_NC_4.0,5.0,44100,99,esc50_5-160614-F-48.npy,train
esc50_5-160614-G-48,5-160614-G-48.wav,ESC-50,fireworks,IMPULSIVE,PROXY,CC_BY_NC_4.0,5.0,44100,99,esc50_5-160614-G-48.npy,train
esc50_5-160614-H-48,5-160614-H-48.wav,ESC-50,fireworks,IMPULSIVE,PROXY,CC_BY_NC_4.0,5.0,44100,99,esc50_5-160614-H-48.npy,val
esc50_5-170338-A-41,5-170338-A-41.wav,ESC-50,chainsaw,STATIONARY,PROXY,CC_BY_NC_4.0,5.0,44100,99,esc50_5-170338-A-41.npy,train
esc50_5-170338-B-41,5-170338-B-41.wav,ESC-50,chainsaw,STATIONARY,PROXY,CC_BY_NC_4.0,5.0,44100,99,esc50_5-170338-B-41.npy,train
esc50_5-171653-A-41,5-171653-A-41.wav,ESC-50,chainsaw,STATIONARY,PROXY,CC_BY_NC_4.0,5.0,44100,99,esc50_5-171653-A-41.npy,train
esc50_5-177957-A-40,5-177957-A-40.wav,ESC-50,helicopter,NON_STATIONARY,CORE,CC_BY_NC_4.0,5.0,44100,99,esc50_5-177957-A-40.npy,train
esc50_5-177957-B-40,5-177957-B-40.wav,ESC-50,helicopter,NON_STATIONARY,CORE,CC_BY_NC_4.0,5.0,44100,99,esc50_5-177957-B-40.npy,train
esc50_5-177957-C-40,5-177957-C-40.wav,ESC-50,helicopter,NON_STATIONARY,CORE,CC_BY_NC_4.0,5.0,44100,99,esc50_5-177957-C-40.npy,val
esc50_5-177957-D-40,5-177957-D-40.wav,ESC-50,helicopter,NON_STATIONARY,CORE,CC_BY_NC_4.0,5.0,44100,99,esc50_5-177957-D-40.npy,test
esc50_5-177957-E-40,5-177957-E-40.wav,ESC-50,helicopter,NON_STATIONARY,CORE,CC_BY_NC_4.0,5.0,44100,99,esc50_5-177957-E-40.npy,train
esc50_5-179496-A-16,5-179496-A-16.wav,ESC-50,wind,STATIONARY,ENVIRONMENTAL,CC_BY_NC_4.0,5.0,44100,99,esc50_5-179496-A-16.npy,train
esc50_5-179496-B-16,5-179496-B-16.wav,ESC-50,wind,STATIONARY,ENVIRONMENTAL,CC_BY_NC_4.0,5.0,44100,99,esc50_5-179496-B-16.npy,train
esc50_5-179860-A-43,5-179860-A-43.wav,ESC-50,car_horn,NON_STATIONARY,PROXY,CC_BY_NC_4.0,5.0,44100,99,esc50_5-179860-A-43.npy,train
esc50_5-179863-A-43,5-179863-A-43.wav,ESC-50,car_horn,NON_STATIONARY,PROXY,CC_BY_NC_4.0,5.0,44100,99,esc50_5-179863-A-43.npy,train
esc50_5-179865-A-43,5-179865-A-43.wav,ESC-50,car_horn,NON_STATIONARY,PROXY,CC_BY_NC_4.0,5.0,44100,99,esc50_5-179865-A-43.npy,train
esc50_5-179866-A-43,5-179866-A-43.wav,ESC-50,car_horn,NON_STATIONARY,PROXY,CC_BY_NC_4.0,5.0,44100,99,esc50_5-179866-A-43.npy,train
esc50_5-179868-A-43,5-179868-A-43.wav,ESC-50,car_horn,NON_STATIONARY,PROXY,CC_BY_NC_4.0,5.0,44100,99,esc50_5-179868-A-43.npy,train
esc50_5-180156-A-43,5-180156-A-43.wav,ESC-50,car_horn,NON_STATIONARY,PROXY,CC_BY_NC_4.0,5.0,44100,99,esc50_5-180156-A-43.npy,train
esc50_5-180156-B-43,5-180156-B-43.wav,ESC-50,car_horn,NON_STATIONARY,PROXY,CC_BY_NC_4.0,5.0,44100,99,esc50_5-180156-B-43.npy,test
esc50_5-180156-C-43,5-180156-C-43.wav,ESC-50,car_horn,NON_STATIONARY,PROXY,CC_BY_NC_4.0,5.0,44100,99,esc50_5-180156-C-43.npy,train
esc50_5-181766-A-10,5-181766-A-10.wav,ESC-50,rain,STATIONARY,ENVIRONMENTAL,CC_BY_NC_4.0,5.0,44100,99,esc50_5-181766-A-10.npy,train
esc50_5-181977-A-35,5-181977-A-35.wav,ESC-50,washing_machine,STATIONARY,PROXY,CC_BY_NC_4.0,5.0,44100,99,esc50_5-181977-A-35.npy,test
esc50_5-182007-A-36,5-182007-A-36.wav,ESC-50,vacuum_cleaner,STATIONARY,PROXY,CC_BY_NC_4.0,5.0,44100,99,esc50_5-182007-A-36.npy,train
esc50_5-182010-A-36,5-182010-A-36.wav,ESC-50,vacuum_cleaner,STATIONARY,PROXY,CC_BY_NC_4.0,5.0,44100,99,esc50_5-182010-A-36.npy,train
esc50_5-182012-A-36,5-182012-A-36.wav,ESC-50,vacuum_cleaner,STATIONARY,PROXY,CC_BY_NC_4.0,5.0,44100,99,esc50_5-182012-A-36.npy,val
esc50_5-184323-A-42,5-184323-A-42.wav,ESC-50,siren,NON_STATIONARY,PROXY,CC_BY_NC_4.0,5.0,44100,99,esc50_5-184323-A-42.npy,train
esc50_5-185579-A-41,5-185579-A-41.wav,ESC-50,chainsaw,STATIONARY,PROXY,CC_BY_NC_4.0,5.0,44100,99,esc50_5-185579-A-41.npy,val
esc50_5-185579-B-41,5-185579-B-41.wav,ESC-50,chainsaw,STATIONARY,PROXY,CC_BY_NC_4.0,5.0,44100,99,esc50_5-185579-B-41.npy,train
esc50_5-188365-A-36,5-188365-A-36.wav,ESC-50,vacuum_cleaner,STATIONARY,PROXY,CC_BY_NC_4.0,5.0,44100,99,esc50_5-188365-A-36.npy,train
esc50_5-188495-A-19,5-188495-A-19.wav,ESC-50,thunderstorm,IMPULSIVE,ENVIRONMENTAL,CC_BY_NC_4.0,5.0,44100,99,esc50_5-188495-A-19.npy,train
esc50_5-188655-A-10,5-188655-A-10.wav,ESC-50,rain,STATIONARY,ENVIRONMENTAL,CC_BY_NC_4.0,5.0,44100,99,esc50_5-188655-A-10.npy,train
esc50_5-188796-A-45,5-188796-A-45.wav,ESC-50,train,NON_STATIONARY,PROXY,CC_BY_NC_4.0,5.0,44100,99,esc50_5-188796-A-45.npy,train
esc50_5-188945-A-45,5-188945-A-45.wav,ESC-50,train,NON_STATIONARY,PROXY,CC_BY_NC_4.0,5.0,44100,99,esc50_5-188945-A-45.npy,train
esc50_5-191131-A-40,5-191131-A-40.wav,ESC-50,helicopter,NON_STATIONARY,CORE,CC_BY_NC_4.0,5.0,44100,99,esc50_5-191131-A-40.npy,val
esc50_5-192191-A-19,5-192191-A-19.wav,ESC-50,thunderstorm,IMPULSIVE,ENVIRONMENTAL,CC_BY_NC_4.0,5.0,44100,99,esc50_5-192191-A-19.npy,train
esc50_5-193339-A-10,5-193339-A-10.wav,ESC-50,rain,STATIONARY,ENVIRONMENTAL,CC_BY_NC_4.0,5.0,44100,99,esc50_5-193339-A-10.npy,val
esc50_5-194892-A-10,5-194892-A-10.wav,ESC-50,rain,STATIONARY,ENVIRONMENTAL,CC_BY_NC_4.0,5.0,44100,99,esc50_5-194892-A-10.npy,train
esc50_5-195557-A-19,5-195557-A-19.wav,ESC-50,thunderstorm,IMPULSIVE,ENVIRONMENTAL,CC_BY_NC_4.0,5.0,44100,99,esc50_5-195557-A-19.npy,train
esc50_5-195710-A-10,5-195710-A-10.wav,ESC-50,rain,STATIONARY,ENVIRONMENTAL,CC_BY_NC_4.0,5.0,44100,99,esc50_5-195710-A-10.npy,train
esc50_5-197118-A-45,5-197118-A-45.wav,ESC-50,train,NON_STATIONARY,PROXY,CC_BY_NC_4.0,5.0,44100,99,esc50_5-197118-A-45.npy,train
esc50_5-197121-A-45,5-197121-A-45.wav,ESC-50,train,NON_STATIONARY,PROXY,CC_BY_NC_4.0,5.0,44100,99,esc50_5-197121-A-45.npy,train
esc50_5-197121-B-45,5-197121-B-45.wav,ESC-50,train,NON_STATIONARY,PROXY,CC_BY_NC_4.0,5.0,44100,99,esc50_5-197121-B-45.npy,test
esc50_5-198321-A-10,5-198321-A-10.wav,ESC-50,rain,STATIONARY,ENVIRONMENTAL,CC_BY_NC_4.0,5.0,44100,99,esc50_5-198321-A-10.npy,test
esc50_5-198600-A-45,5-198600-A-45.wav,ESC-50,train,NON_STATIONARY,PROXY,CC_BY_NC_4.0,5.0,44100,99,esc50_5-198600-A-45.npy,val
esc50_5-199284-A-45,5-199284-A-45.wav,ESC-50,train,NON_STATIONARY,PROXY,CC_BY_NC_4.0,5.0,44100,99,esc50_5-199284-A-45.npy,test
esc50_5-199284-B-45,5-199284-B-45.wav,ESC-50,train,NON_STATIONARY,PROXY,CC_BY_NC_4.0,5.0,44100,99,esc50_5-199284-B-45.npy,train
esc50_5-202898-A-10,5-202898-A-10.wav,ESC-50,rain,STATIONARY,ENVIRONMENTAL,CC_BY_NC_4.0,5.0,44100,99,esc50_5-202898-A-10.npy,val
esc50_5-203739-A-10,5-203739-A-10.wav,ESC-50,rain,STATIONARY,ENVIRONMENTAL,CC_BY_NC_4.0,5.0,44100,99,esc50_5-203739-A-10.npy,train
esc50_5-205898-A-40,5-205898-A-40.wav,ESC-50,helicopter,NON_STATIONARY,CORE,CC_BY_NC_4.0,5.0,44100,99,esc50_5-205898-A-40.npy,train
esc50_5-207811-A-35,5-207811-A-35.wav,ESC-50,washing_machine,STATIONARY,PROXY,CC_BY_NC_4.0,5.0,44100,99,esc50_5-207811-A-35.npy,train
esc50_5-207811-B-35,5-207811-B-35.wav,ESC-50,washing_machine,STATIONARY,PROXY,CC_BY_NC_4.0,5.0,44100,99,esc50_5-207811-B-35.npy,train
esc50_5-209992-A-44,5-209992-A-44.wav,ESC-50,engine,STATIONARY,CORE,CC_BY_NC_4.0,5.0,44100,99,esc50_5-209992-A-44.npy,train
esc50_5-209992-B-44,5-209992-B-44.wav,ESC-50,engine,STATIONARY,CORE,CC_BY_NC_4.0,5.0,44100,99,esc50_5-209992-B-44.npy,train
esc50_5-212054-A-36,5-212054-A-36.wav,ESC-50,vacuum_cleaner,STATIONARY,PROXY,CC_BY_NC_4.0,5.0,44100,99,esc50_5-212054-A-36.npy,val
esc50_5-212059-A-36,5-212059-A-36.wav,ESC-50,vacuum_cleaner,STATIONARY,PROXY,CC_BY_NC_4.0,5.0,44100,99,esc50_5-212059-A-36.npy,train
esc50_5-215445-A-47,5-215445-A-47.wav,ESC-50,airplane,NON_STATIONARY,PROXY,CC_BY_NC_4.0,5.0,44100,99,esc50_5-215445-A-47.npy,train
esc50_5-215447-A-47,5-215447-A-47.wav,ESC-50,airplane,NON_STATIONARY,PROXY,CC_BY_NC_4.0,5.0,44100,99,esc50_5-215447-A-47.npy,test
esc50_5-215449-A-47,5-215449-A-47.wav,ESC-50,airplane,NON_STATIONARY,PROXY,CC_BY_NC_4.0,5.0,44100,99,esc50_5-215449-A-47.npy,train
esc50_5-216370-A-41,5-216370-A-41.wav,ESC-50,chainsaw,STATIONARY,PROXY,CC_BY_NC_4.0,5.0,44100,99,esc50_5-216370-A-41.npy,val
esc50_5-216370-B-41,5-216370-B-41.wav,ESC-50,chainsaw,STATIONARY,PROXY,CC_BY_NC_4.0,5.0,44100,99,esc50_5-216370-B-41.npy,train
esc50_5-217186-A-16,5-217186-A-16.wav,ESC-50,wind,STATIONARY,ENVIRONMENTAL,CC_BY_NC_4.0,5.0,44100,99,esc50_5-217186-A-16.npy,train
esc50_5-217186-B-16,5-217186-B-16.wav,ESC-50,wind,STATIONARY,ENVIRONMENTAL,CC_BY_NC_4.0,5.0,44100,99,esc50_5-217186-B-16.npy,train
esc50_5-217186-C-16,5-217186-C-16.wav,ESC-50,wind,STATIONARY,ENVIRONMENTAL,CC_BY_NC_4.0,5.0,44100,99,esc50_5-217186-C-16.npy,test
esc50_5-218980-A-30,5-218980-A-30.wav,ESC-50,door_wood_knock,IMPULSIVE,PROXY,CC_BY_NC_4.0,5.0,44100,99,esc50_5-218980-A-30.npy,test
esc50_5-218981-A-30,5-218981-A-30.wav,ESC-50,door_wood_knock,IMPULSIVE,PROXY,CC_BY_NC_4.0,5.0,44100,99,esc50_5-218981-A-30.npy,val
esc50_5-220955-A-40,5-220955-A-40.wav,ESC-50,helicopter,NON_STATIONARY,CORE,CC_BY_NC_4.0,5.0,44100,99,esc50_5-220955-A-40.npy,train
esc50_5-221528-A-39,5-221528-A-39.wav,ESC-50,glass_breaking,IMPULSIVE,PROXY,CC_BY_NC_4.0,5.0,44100,99,esc50_5-221528-A-39.npy,val
esc50_5-221529-A-39,5-221529-A-39.wav,ESC-50,glass_breaking,IMPULSIVE,PROXY,CC_BY_NC_4.0,5.0,44100,99,esc50_5-221529-A-39.npy,train
esc50_5-222524-A-41,5-222524-A-41.wav,ESC-50,chainsaw,STATIONARY,PROXY,CC_BY_NC_4.0,5.0,44100,99,esc50_5-222524-A-41.npy,test
esc50_5-223810-A-35,5-223810-A-35.wav,ESC-50,washing_machine,STATIONARY,PROXY,CC_BY_NC_4.0,5.0,44100,99,esc50_5-223810-A-35.npy,train
esc50_5-231551-A-36,5-231551-A-36.wav,ESC-50,vacuum_cleaner,STATIONARY,PROXY,CC_BY_NC_4.0,5.0,44100,99,esc50_5-231551-A-36.npy,train
esc50_5-232272-A-44,5-232272-A-44.wav,ESC-50,engine,STATIONARY,CORE,CC_BY_NC_4.0,5.0,44100,99,esc50_5-232272-A-44.npy,train
esc50_5-233605-A-39,5-233605-A-39.wav,ESC-50,glass_breaking,IMPULSIVE,PROXY,CC_BY_NC_4.0,5.0,44100,99,esc50_5-233605-A-39.npy,train
esc50_5-233607-A-39,5-233607-A-39.wav,ESC-50,glass_breaking,IMPULSIVE,PROXY,CC_BY_NC_4.0,5.0,44100,99,esc50_5-233607-A-39.npy,train
esc50_5-235507-A-44,5-235507-A-44.wav,ESC-50,engine,STATIONARY,CORE,CC_BY_NC_4.0,5.0,44100,99,esc50_5-235507-A-44.npy,train
esc50_5-235644-A-30,5-235644-A-30.wav,ESC-50,door_wood_knock,IMPULSIVE,PROXY,CC_BY_NC_4.0,5.0,44100,99,esc50_5-235644-A-30.npy,val
esc50_5-235956-A-47,5-235956-A-47.wav,ESC-50,airplane,NON_STATIONARY,PROXY,CC_BY_NC_4.0,5.0,44100,99,esc50_5-235956-A-47.npy,train
esc50_5-238021-A-35,5-238021-A-35.wav,ESC-50,washing_machine,STATIONARY,PROXY,CC_BY_NC_4.0,5.0,44100,99,esc50_5-238021-A-35.npy,train
esc50_5-240671-A-44,5-240671-A-44.wav,ESC-50,engine,STATIONARY,CORE,CC_BY_NC_4.0,5.0,44100,99,esc50_5-240671-A-44.npy,train
esc50_5-243773-A-44,5-243773-A-44.wav,ESC-50,engine,STATIONARY,CORE,CC_BY_NC_4.0,5.0,44100,99,esc50_5-243773-A-44.npy,test
esc50_5-243773-B-44,5-243773-B-44.wav,ESC-50,engine,STATIONARY,CORE,CC_BY_NC_4.0,5.0,44100,99,esc50_5-243773-B-44.npy,val
esc50_5-243783-A-44,5-243783-A-44.wav,ESC-50,engine,STATIONARY,CORE,CC_BY_NC_4.0,5.0,44100,99,esc50_5-243783-A-44.npy,train
esc50_5-245040-A-35,5-245040-A-35.wav,ESC-50,washing_machine,STATIONARY,PROXY,CC_BY_NC_4.0,5.0,44100,99,esc50_5-245040-A-35.npy,test
esc50_5-250026-A-30,5-250026-A-30.wav,ESC-50,door_wood_knock,IMPULSIVE,PROXY,CC_BY_NC_4.0,5.0,44100,99,esc50_5-250026-A-30.npy,train
esc50_5-250026-B-30,5-250026-B-30.wav,ESC-50,door_wood_knock,IMPULSIVE,PROXY,CC_BY_NC_4.0,5.0,44100,99,esc50_5-250026-B-30.npy,train
esc50_5-251426-A-30,5-251426-A-30.wav,ESC-50,door_wood_knock,IMPULSIVE,PROXY,CC_BY_NC_4.0,5.0,44100,99,esc50_5-251426-A-30.npy,train
esc50_5-251426-B-30,5-251426-B-30.wav,ESC-50,door_wood_knock,IMPULSIVE,PROXY,CC_BY_NC_4.0,5.0,44100,99,esc50_5-251426-B-30.npy,test
esc50_5-251957-A-47,5-251957-A-47.wav,ESC-50,airplane,NON_STATIONARY,PROXY,CC_BY_NC_4.0,5.0,44100,99,esc50_5-251957-A-47.npy,train
esc50_5-251962-A-47,5-251962-A-47.wav,ESC-50,airplane,NON_STATIONARY,PROXY,CC_BY_NC_4.0,5.0,44100,99,esc50_5-251962-A-47.npy,train
esc50_5-251963-A-47,5-251963-A-47.wav,ESC-50,airplane,NON_STATIONARY,PROXY,CC_BY_NC_4.0,5.0,44100,99,esc50_5-251963-A-47.npy,test
esc50_5-251971-A-47,5-251971-A-47.wav,ESC-50,airplane,NON_STATIONARY,PROXY,CC_BY_NC_4.0,5.0,44100,99,esc50_5-251971-A-47.npy,train
esc50_5-256512-A-30,5-256512-A-30.wav,ESC-50,door_wood_knock,IMPULSIVE,PROXY,CC_BY_NC_4.0,5.0,44100,99,esc50_5-256512-A-30.npy,train
esc50_5-257642-A-39,5-257642-A-39.wav,ESC-50,glass_breaking,IMPULSIVE,PROXY,CC_BY_NC_4.0,5.0,44100,99,esc50_5-257642-A-39.npy,train
esc50_5-260432-A-39,5-260432-A-39.wav,ESC-50,glass_breaking,IMPULSIVE,PROXY,CC_BY_NC_4.0,5.0,44100,99,esc50_5-260432-A-39.npy,test
esc50_5-260433-A-39,5-260433-A-39.wav,ESC-50,glass_breaking,IMPULSIVE,PROXY,CC_BY_NC_4.0,5.0,44100,99,esc50_5-260433-A-39.npy,train
esc50_5-260434-A-39,5-260434-A-39.wav,ESC-50,glass_breaking,IMPULSIVE,PROXY,CC_BY_NC_4.0,5.0,44100,99,esc50_5-260434-A-39.npy,test
esc50_5-260875-A-35,5-260875-A-35.wav,ESC-50,washing_machine,STATIONARY,PROXY,CC_BY_NC_4.0,5.0,44100,99,esc50_5-260875-A-35.npy,train
esc50_5-263902-A-36,5-263902-A-36.wav,ESC-50,vacuum_cleaner,STATIONARY,PROXY,CC_BY_NC_4.0,5.0,44100,99,esc50_5-263902-A-36.npy,test
